[2026-02-21 18:40:21] production.ERROR: file_get_contents(C:\Users\user\Desktop\SD Project\cse-3100\cse-3100\server\.env): Failed to open stream: No such file or directory {"exception":"[object] (ErrorException(code: 0): file_get_contents(C:\\Users\\user\\Desktop\\SD Project\\cse-3100\\cse-3100\\server\\.env): Failed to open stream: No such file or directory at C:\\Users\\user\\Desktop\\SD Project\\cse-3100\\cse-3100\\server\\vendor\\laravel\\framework\\src\\Illuminate\\Foundation\\Console\\KeyGenerateCommand.php:96)
[stacktrace]
#0 [internal function]: Illuminate\\Foundation\\Bootstrap\\HandleExceptions->handleError(2, 'file_get_conten...', 'C:\\\\Users\\\\user\\\\D...', 96)
#1 C:\\Users\\user\\Desktop\\SD Project\\cse-3100\\cse-3100\\server\\vendor\\laravel\\framework\\src\\Illuminate\\Foundation\\Console\\KeyGenerateCommand.php(96): file_get_contents('C:\\\\Users\\\\user\\\\D...')
#2 C:\\Users\\user\\Desktop\\SD Project\\cse-3100\\cse-3100\\server\\vendor\\laravel\\framework\\src\\Illuminate\\Foundation\\Console\\KeyGenerateCommand.php(80): Illuminate\\Foundation\\Console\\KeyGenerateCommand->writeNewEnvironmentFileWith('base64:iF6js8CZ...')
#3 C:\\Users\\user\\Desktop\\SD Project\\cse-3100\\cse-3100\\server\\vendor\\laravel\\framework\\src\\Illuminate\\Foundation\\Console\\KeyGenerateCommand.php(45): Illuminate\\Foundation\\Console\\KeyGenerateCommand->setKeyInEnvironmentFile('base64:iF6js8CZ...')
#4 C:\\Users\\user\\Desktop\\SD Project\\cse-3100\\cse-3100\\server\\vendor\\laravel\\framework\\src\\Illuminate\\Container\\BoundMethod.php(36): Illuminate\\Foundation\\Console\\KeyGenerateCommand->handle()
#5 C:\\Users\\user\\Desktop\\SD Project\\cse-3100\\cse-3100\\server\\vendor\\laravel\\framework\\src\\Illuminate\\Container\\Util.php(40): Illuminate\\Container\\BoundMethod::Illuminate\\Container\\{closure}()
#6 C:\\Users\\user\\Desktop\\SD Project\\cse-3100\\cse-3100\\server\\vendor\\laravel\\framework\\src\\Illuminate\\Container\\BoundMethod.php(93): Illuminate\\Container\\Util::unwrapIfClosure(Object(Closure))
#7 C:\\Users\\user\\Desktop\\SD Project\\cse-3100\\cse-3100\\server\\vendor\\laravel\\framework\\src\\Illuminate\\Container\\BoundMethod.php(35): Illuminate\\Container\\BoundMethod::callBoundMethod(Object(Illuminate\\Foundation\\Application), Array, Object(Closure))
#8 C:\\Users\\user\\Desktop\\SD Project\\cse-3100\\cse-3100\\server\\vendor\\laravel\\framework\\src\\Illuminate\\Container\\Container.php(653): Illuminate\\Container\\BoundMethod::call(Object(Illuminate\\Foundation\\Application), Array, Array, NULL)
#9 C:\\Users\\user\\Desktop\\SD Project\\cse-3100\\cse-3100\\server\\vendor\\laravel\\framework\\src\\Illuminate\\Console\\Command.php(136): Illuminate\\Container\\Container->call(Array)
#10 C:\\Users\\user\\Desktop\\SD Project\\cse-3100\\cse-3100\\server\\vendor\\symfony\\console\\Command\\Command.php(298): Illuminate\\Console\\Command->execute(Object(Symfony\\Component\\Console\\Input\\ArgvInput), Object(Illuminate\\Console\\OutputStyle))
#11 C:\\Users\\user\\Desktop\\SD Project\\cse-3100\\cse-3100\\server\\vendor\\laravel\\framework\\src\\Illuminate\\Console\\Command.php(120): Symfony\\Component\\Console\\Command\\Command->run(Object(Symfony\\Component\\Console\\Input\\ArgvInput), Object(Illuminate\\Console\\OutputStyle))
#12 C:\\Users\\user\\Desktop\\SD Project\\cse-3100\\cse-3100\\server\\vendor\\symfony\\console\\Application.php(1040): Illuminate\\Console\\Command->run(Object(Symfony\\Component\\Console\\Input\\ArgvInput), Object(Symfony\\Component\\Console\\Output\\ConsoleOutput))
#13 C:\\Users\\user\\Desktop\\SD Project\\cse-3100\\cse-3100\\server\\vendor\\symfony\\console\\Application.php(301): Symfony\\Component\\Console\\Application->doRunCommand(Object(Illuminate\\Foundation\\Console\\KeyGenerateCommand), Object(Symfony\\Component\\Console\\Input\\ArgvInput), Object(Symfony\\Component\\Console\\Output\\ConsoleOutput))
#14 C:\\Users\\user\\Desktop\\SD Project\\cse-3100\\cse-3100\\server\\vendor\\symfony\\console\\Application.php(171): Symfony\\Component\\Console\\Application->doRun(Object(Symfony\\Component\\Console\\Input\\ArgvInput), Object(Symfony\\Component\\Console\\Output\\ConsoleOutput))
#15 C:\\Users\\user\\Desktop\\SD Project\\cse-3100\\cse-3100\\server\\vendor\\laravel\\framework\\src\\Illuminate\\Console\\Application.php(94): Symfony\\Component\\Console\\Application->run(Object(Symfony\\Component\\Console\\Input\\ArgvInput), Object(Symfony\\Component\\Console\\Output\\ConsoleOutput))
#16 C:\\Users\\user\\Desktop\\SD Project\\cse-3100\\cse-3100\\server\\vendor\\laravel\\framework\\src\\Illuminate\\Foundation\\Console\\Kernel.php(129): Illuminate\\Console\\Application->run(Object(Symfony\\Component\\Console\\Input\\ArgvInput), Object(Symfony\\Component\\Console\\Output\\ConsoleOutput))
#17 C:\\Users\\user\\Desktop\\SD Project\\cse-3100\\cse-3100\\server\\artisan(35): Illuminate\\Foundation\\Console\\Kernel->handle(Object(Symfony\\Component\\Console\\Input\\ArgvInput), Object(Symfony\\Component\\Console\\Output\\ConsoleOutput))
#18 {main}
"} 
[2026-02-21 18:41:04] production.ERROR: file_get_contents(C:\Users\user\Desktop\SD Project\cse-3100\cse-3100\server\.env): Failed to open stream: No such file or directory {"exception":"[object] (ErrorException(code: 0): file_get_contents(C:\\Users\\user\\Desktop\\SD Project\\cse-3100\\cse-3100\\server\\.env): Failed to open stream: No such file or directory at C:\\Users\\user\\Desktop\\SD Project\\cse-3100\\cse-3100\\server\\vendor\\laravel\\framework\\src\\Illuminate\\Foundation\\Console\\KeyGenerateCommand.php:96)
[stacktrace]
#0 [internal function]: Illuminate\\Foundation\\Bootstrap\\HandleExceptions->handleError(2, 'file_get_conten...', 'C:\\\\Users\\\\user\\\\D...', 96)
#1 C:\\Users\\user\\Desktop\\SD Project\\cse-3100\\cse-3100\\server\\vendor\\laravel\\framework\\src\\Illuminate\\Foundation\\Console\\KeyGenerateCommand.php(96): file_get_contents('C:\\\\Users\\\\user\\\\D...')
#2 C:\\Users\\user\\Desktop\\SD Project\\cse-3100\\cse-3100\\server\\vendor\\laravel\\framework\\src\\Illuminate\\Foundation\\Console\\KeyGenerateCommand.php(80): Illuminate\\Foundation\\Console\\KeyGenerateCommand->writeNewEnvironmentFileWith('base64:7mJrfqlU...')
#3 C:\\Users\\user\\Desktop\\SD Project\\cse-3100\\cse-3100\\server\\vendor\\laravel\\framework\\src\\Illuminate\\Foundation\\Console\\KeyGenerateCommand.php(45): Illuminate\\Foundation\\Console\\KeyGenerateCommand->setKeyInEnvironmentFile('base64:7mJrfqlU...')
#4 C:\\Users\\user\\Desktop\\SD Project\\cse-3100\\cse-3100\\server\\vendor\\laravel\\framework\\src\\Illuminate\\Container\\BoundMethod.php(36): Illuminate\\Foundation\\Console\\KeyGenerateCommand->handle()
#5 C:\\Users\\user\\Desktop\\SD Project\\cse-3100\\cse-3100\\server\\vendor\\laravel\\framework\\src\\Illuminate\\Container\\Util.php(40): Illuminate\\Container\\BoundMethod::Illuminate\\Container\\{closure}()
#6 C:\\Users\\user\\Desktop\\SD Project\\cse-3100\\cse-3100\\server\\vendor\\laravel\\framework\\src\\Illuminate\\Container\\BoundMethod.php(93): Illuminate\\Container\\Util::unwrapIfClosure(Object(Closure))
#7 C:\\Users\\user\\Desktop\\SD Project\\cse-3100\\cse-3100\\server\\vendor\\laravel\\framework\\src\\Illuminate\\Container\\BoundMethod.php(35): Illuminate\\Container\\BoundMethod::callBoundMethod(Object(Illuminate\\Foundation\\Application), Array, Object(Closure))
#8 C:\\Users\\user\\Desktop\\SD Project\\cse-3100\\cse-3100\\server\\vendor\\laravel\\framework\\src\\Illuminate\\Container\\Container.php(653): Illuminate\\Container\\BoundMethod::call(Object(Illuminate\\Foundation\\Application), Array, Array, NULL)
#9 C:\\Users\\user\\Desktop\\SD Project\\cse-3100\\cse-3100\\server\\vendor\\laravel\\framework\\src\\Illuminate\\Console\\Command.php(136): Illuminate\\Container\\Container->call(Array)
#10 C:\\Users\\user\\Desktop\\SD Project\\cse-3100\\cse-3100\\server\\vendor\\symfony\\console\\Command\\Command.php(298): Illuminate\\Console\\Command->execute(Object(Symfony\\Component\\Console\\Input\\ArgvInput), Object(Illuminate\\Console\\OutputStyle))
#11 C:\\Users\\user\\Desktop\\SD Project\\cse-3100\\cse-3100\\server\\vendor\\laravel\\framework\\src\\Illuminate\\Console\\Command.php(120): Symfony\\Component\\Console\\Command\\Command->run(Object(Symfony\\Component\\Console\\Input\\ArgvInput), Object(Illuminate\\Console\\OutputStyle))
#12 C:\\Users\\user\\Desktop\\SD Project\\cse-3100\\cse-3100\\server\\vendor\\symfony\\console\\Application.php(1040): Illuminate\\Console\\Command->run(Object(Symfony\\Component\\Console\\Input\\ArgvInput), Object(Symfony\\Component\\Console\\Output\\ConsoleOutput))
#13 C:\\Users\\user\\Desktop\\SD Project\\cse-3100\\cse-3100\\server\\vendor\\symfony\\console\\Application.php(301): Symfony\\Component\\Console\\Application->doRunCommand(Object(Illuminate\\Foundation\\Console\\KeyGenerateCommand), Object(Symfony\\Component\\Console\\Input\\ArgvInput), Object(Symfony\\Component\\Console\\Output\\ConsoleOutput))
#14 C:\\Users\\user\\Desktop\\SD Project\\cse-3100\\cse-3100\\server\\vendor\\symfony\\console\\Application.php(171): Symfony\\Component\\Console\\Application->doRun(Object(Symfony\\Component\\Console\\Input\\ArgvInput), Object(Symfony\\Component\\Console\\Output\\ConsoleOutput))
#15 C:\\Users\\user\\Desktop\\SD Project\\cse-3100\\cse-3100\\server\\vendor\\laravel\\framework\\src\\Illuminate\\Console\\Application.php(94): Symfony\\Component\\Console\\Application->run(Object(Symfony\\Component\\Console\\Input\\ArgvInput), Object(Symfony\\Component\\Console\\Output\\ConsoleOutput))
#16 C:\\Users\\user\\Desktop\\SD Project\\cse-3100\\cse-3100\\server\\vendor\\laravel\\framework\\src\\Illuminate\\Foundation\\Console\\Kernel.php(129): Illuminate\\Console\\Application->run(Object(Symfony\\Component\\Console\\Input\\ArgvInput), Object(Symfony\\Component\\Console\\Output\\ConsoleOutput))
#17 C:\\Users\\user\\Desktop\\SD Project\\cse-3100\\cse-3100\\server\\artisan(35): Illuminate\\Foundation\\Console\\Kernel->handle(Object(Symfony\\Component\\Console\\Input\\ArgvInput), Object(Symfony\\Component\\Console\\Output\\ConsoleOutput))
#18 {main}
"} 
[2026-02-21 18:41:59] production.ERROR: No application encryption key has been specified. {"exception":"[object] (Illuminate\\Encryption\\MissingAppKeyException(code: 0): No application encryption key has been specified. at C:\\Users\\user\\Desktop\\SD Project\\cse-3100\\cse-3100\\server\\vendor\\laravel\\framework\\src\\Illuminate\\Encryption\\EncryptionServiceProvider.php:101)
[stacktrace]
#0 C:\\Users\\user\\Desktop\\SD Project\\cse-3100\\cse-3100\\server\\vendor\\laravel\\framework\\src\\Illuminate\\Support\\helpers.php(263): Illuminate\\Encryption\\EncryptionServiceProvider->Illuminate\\Encryption\\{closure}(NULL)
#1 C:\\Users\\user\\Desktop\\SD Project\\cse-3100\\cse-3100\\server\\vendor\\laravel\\framework\\src\\Illuminate\\Encryption\\EncryptionServiceProvider.php(99): tap(NULL, Object(Closure))
#2 C:\\Users\\user\\Desktop\\SD Project\\cse-3100\\cse-3100\\server\\vendor\\laravel\\framework\\src\\Illuminate\\Encryption\\EncryptionServiceProvider.php(82): Illuminate\\Encryption\\EncryptionServiceProvider->key(Array)
#3 C:\\Users\\user\\Desktop\\SD Project\\cse-3100\\cse-3100\\server\\vendor\\laravel\\framework\\src\\Illuminate\\Encryption\\EncryptionServiceProvider.php(34): Illuminate\\Encryption\\EncryptionServiceProvider->parseKey(Array)
#4 C:\\Users\\user\\Desktop\\SD Project\\cse-3100\\cse-3100\\server\\vendor\\laravel\\framework\\src\\Illuminate\\Container\\Container.php(873): Illuminate\\Encryption\\EncryptionServiceProvider->Illuminate\\Encryption\\{closure}(Object(Illuminate\\Foundation\\Application), Array)
#5 C:\\Users\\user\\Desktop\\SD Project\\cse-3100\\cse-3100\\server\\vendor\\laravel\\framework\\src\\Illuminate\\Container\\Container.php(758): Illuminate\\Container\\Container->build(Object(Closure))
#6 C:\\Users\\user\\Desktop\\SD Project\\cse-3100\\cse-3100\\server\\vendor\\laravel\\framework\\src\\Illuminate\\Foundation\\Application.php(853): Illuminate\\Container\\Container->resolve('encrypter', Array, true)
#7 C:\\Users\\user\\Desktop\\SD Project\\cse-3100\\cse-3100\\server\\vendor\\laravel\\framework\\src\\Illuminate\\Container\\Container.php(694): Illuminate\\Foundation\\Application->resolve('encrypter', Array)
#8 C:\\Users\\user\\Desktop\\SD Project\\cse-3100\\cse-3100\\server\\vendor\\laravel\\framework\\src\\Illuminate\\Foundation\\Application.php(838): Illuminate\\Container\\Container->make('encrypter', Array)
#9 C:\\Users\\user\\Desktop\\SD Project\\cse-3100\\cse-3100\\server\\vendor\\laravel\\framework\\src\\Illuminate\\Container\\Container.php(1027): Illuminate\\Foundation\\Application->make('encrypter')
#10 C:\\Users\\user\\Desktop\\SD Project\\cse-3100\\cse-3100\\server\\vendor\\laravel\\framework\\src\\Illuminate\\Container\\Container.php(947): Illuminate\\Container\\Container->resolveClass(Object(ReflectionParameter))
#11 C:\\Users\\user\\Desktop\\SD Project\\cse-3100\\cse-3100\\server\\vendor\\laravel\\framework\\src\\Illuminate\\Container\\Container.php(908): Illuminate\\Container\\Container->resolveDependencies(Array)
#12 C:\\Users\\user\\Desktop\\SD Project\\cse-3100\\cse-3100\\server\\vendor\\laravel\\framework\\src\\Illuminate\\Container\\Container.php(758): Illuminate\\Container\\Container->build('App\\\\Http\\\\Middle...')
#13 C:\\Users\\user\\Desktop\\SD Project\\cse-3100\\cse-3100\\server\\vendor\\laravel\\framework\\src\\Illuminate\\Foundation\\Application.php(853): Illuminate\\Container\\Container->resolve('App\\\\Http\\\\Middle...', Array, true)
#14 C:\\Users\\user\\Desktop\\SD Project\\cse-3100\\cse-3100\\server\\vendor\\laravel\\framework\\src\\Illuminate\\Container\\Container.php(694): Illuminate\\Foundation\\Application->resolve('App\\\\Http\\\\Middle...', Array)
#15 C:\\Users\\user\\Desktop\\SD Project\\cse-3100\\cse-3100\\server\\vendor\\laravel\\framework\\src\\Illuminate\\Foundation\\Application.php(838): Illuminate\\Container\\Container->make('App\\\\Http\\\\Middle...', Array)
#16 C:\\Users\\user\\Desktop\\SD Project\\cse-3100\\cse-3100\\server\\vendor\\laravel\\framework\\src\\Illuminate\\Pipeline\\Pipeline.php(156): Illuminate\\Foundation\\Application->make('App\\\\Http\\\\Middle...')
#17 C:\\Users\\user\\Desktop\\SD Project\\cse-3100\\cse-3100\\server\\vendor\\laravel\\framework\\src\\Illuminate\\Pipeline\\Pipeline.php(103): Illuminate\\Pipeline\\Pipeline->Illuminate\\Pipeline\\{closure}(Object(Illuminate\\Http\\Request))
#18 C:\\Users\\user\\Desktop\\SD Project\\cse-3100\\cse-3100\\server\\vendor\\laravel\\framework\\src\\Illuminate\\Routing\\Router.php(719): Illuminate\\Pipeline\\Pipeline->then(Object(Closure))
#19 C:\\Users\\user\\Desktop\\SD Project\\cse-3100\\cse-3100\\server\\vendor\\laravel\\framework\\src\\Illuminate\\Routing\\Router.php(698): Illuminate\\Routing\\Router->runRouteWithinStack(Object(Illuminate\\Routing\\Route), Object(Illuminate\\Http\\Request))
#20 C:\\Users\\user\\Desktop\\SD Project\\cse-3100\\cse-3100\\server\\vendor\\laravel\\framework\\src\\Illuminate\\Routing\\Router.php(662): Illuminate\\Routing\\Router->runRoute(Object(Illuminate\\Http\\Request), Object(Illuminate\\Routing\\Route))
#21 C:\\Users\\user\\Desktop\\SD Project\\cse-3100\\cse-3100\\server\\vendor\\laravel\\framework\\src\\Illuminate\\Routing\\Router.php(651): Illuminate\\Routing\\Router->dispatchToRoute(Object(Illuminate\\Http\\Request))
#22 C:\\Users\\user\\Desktop\\SD Project\\cse-3100\\cse-3100\\server\\vendor\\laravel\\framework\\src\\Illuminate\\Foundation\\Http\\Kernel.php(167): Illuminate\\Routing\\Router->dispatch(Object(Illuminate\\Http\\Request))
#23 C:\\Users\\user\\Desktop\\SD Project\\cse-3100\\cse-3100\\server\\vendor\\laravel\\framework\\src\\Illuminate\\Pipeline\\Pipeline.php(128): Illuminate\\Foundation\\Http\\Kernel->Illuminate\\Foundation\\Http\\{closure}(Object(Illuminate\\Http\\Request))
#24 C:\\Users\\user\\Desktop\\SD Project\\cse-3100\\cse-3100\\server\\vendor\\laravel\\framework\\src\\Illuminate\\Foundation\\Http\\Middleware\\TransformsRequest.php(21): Illuminate\\Pipeline\\Pipeline->Illuminate\\Pipeline\\{closure}(Object(Illuminate\\Http\\Request))
#25 C:\\Users\\user\\Desktop\\SD Project\\cse-3100\\cse-3100\\server\\vendor\\laravel\\framework\\src\\Illuminate\\Foundation\\Http\\Middleware\\ConvertEmptyStringsToNull.php(31): Illuminate\\Foundation\\Http\\Middleware\\TransformsRequest->handle(Object(Illuminate\\Http\\Request), Object(Closure))
#26 C:\\Users\\user\\Desktop\\SD Project\\cse-3100\\cse-3100\\server\\vendor\\laravel\\framework\\src\\Illuminate\\Pipeline\\Pipeline.php(167): Illuminate\\Foundation\\Http\\Middleware\\ConvertEmptyStringsToNull->handle(Object(Illuminate\\Http\\Request), Object(Closure))
#27 C:\\Users\\user\\Desktop\\SD Project\\cse-3100\\cse-3100\\server\\vendor\\laravel\\framework\\src\\Illuminate\\Foundation\\Http\\Middleware\\TransformsRequest.php(21): Illuminate\\Pipeline\\Pipeline->Illuminate\\Pipeline\\{closure}(Object(Illuminate\\Http\\Request))
#28 C:\\Users\\user\\Desktop\\SD Project\\cse-3100\\cse-3100\\server\\vendor\\laravel\\framework\\src\\Illuminate\\Foundation\\Http\\Middleware\\TrimStrings.php(40): Illuminate\\Foundation\\Http\\Middleware\\TransformsRequest->handle(Object(Illuminate\\Http\\Request), Object(Closure))
#29 C:\\Users\\user\\Desktop\\SD Project\\cse-3100\\cse-3100\\server\\vendor\\laravel\\framework\\src\\Illuminate\\Pipeline\\Pipeline.php(167): Illuminate\\Foundation\\Http\\Middleware\\TrimStrings->handle(Object(Illuminate\\Http\\Request), Object(Closure))
#30 C:\\Users\\user\\Desktop\\SD Project\\cse-3100\\cse-3100\\server\\vendor\\laravel\\framework\\src\\Illuminate\\Foundation\\Http\\Middleware\\ValidatePostSize.php(27): Illuminate\\Pipeline\\Pipeline->Illuminate\\Pipeline\\{closure}(Object(Illuminate\\Http\\Request))
#31 C:\\Users\\user\\Desktop\\SD Project\\cse-3100\\cse-3100\\server\\vendor\\laravel\\framework\\src\\Illuminate\\Pipeline\\Pipeline.php(167): Illuminate\\Foundation\\Http\\Middleware\\ValidatePostSize->handle(Object(Illuminate\\Http\\Request), Object(Closure))
#32 C:\\Users\\user\\Desktop\\SD Project\\cse-3100\\cse-3100\\server\\vendor\\laravel\\framework\\src\\Illuminate\\Foundation\\Http\\Middleware\\PreventRequestsDuringMaintenance.php(86): Illuminate\\Pipeline\\Pipeline->Illuminate\\Pipeline\\{closure}(Object(Illuminate\\Http\\Request))
#33 C:\\Users\\user\\Desktop\\SD Project\\cse-3100\\cse-3100\\server\\vendor\\laravel\\framework\\src\\Illuminate\\Pipeline\\Pipeline.php(167): Illuminate\\Foundation\\Http\\Middleware\\PreventRequestsDuringMaintenance->handle(Object(Illuminate\\Http\\Request), Object(Closure))
#34 C:\\Users\\user\\Desktop\\SD Project\\cse-3100\\cse-3100\\server\\vendor\\fruitcake\\laravel-cors\\src\\HandleCors.php(52): Illuminate\\Pipeline\\Pipeline->Illuminate\\Pipeline\\{closure}(Object(Illuminate\\Http\\Request))
#35 C:\\Users\\user\\Desktop\\SD Project\\cse-3100\\cse-3100\\server\\vendor\\laravel\\framework\\src\\Illuminate\\Pipeline\\Pipeline.php(167): Fruitcake\\Cors\\HandleCors->handle(Object(Illuminate\\Http\\Request), Object(Closure))
#36 C:\\Users\\user\\Desktop\\SD Project\\cse-3100\\cse-3100\\server\\vendor\\laravel\\framework\\src\\Illuminate\\Http\\Middleware\\TrustProxies.php(39): Illuminate\\Pipeline\\Pipeline->Illuminate\\Pipeline\\{closure}(Object(Illuminate\\Http\\Request))
#37 C:\\Users\\user\\Desktop\\SD Project\\cse-3100\\cse-3100\\server\\vendor\\laravel\\framework\\src\\Illuminate\\Pipeline\\Pipeline.php(167): Illuminate\\Http\\Middleware\\TrustProxies->handle(Object(Illuminate\\Http\\Request), Object(Closure))
#38 C:\\Users\\user\\Desktop\\SD Project\\cse-3100\\cse-3100\\server\\vendor\\laravel\\framework\\src\\Illuminate\\Pipeline\\Pipeline.php(103): Illuminate\\Pipeline\\Pipeline->Illuminate\\Pipeline\\{closure}(Object(Illuminate\\Http\\Request))
#39 C:\\Users\\user\\Desktop\\SD Project\\cse-3100\\cse-3100\\server\\vendor\\laravel\\framework\\src\\Illuminate\\Foundation\\Http\\Kernel.php(142): Illuminate\\Pipeline\\Pipeline->then(Object(Closure))
#40 C:\\Users\\user\\Desktop\\SD Project\\cse-3100\\cse-3100\\server\\vendor\\laravel\\framework\\src\\Illuminate\\Foundation\\Http\\Kernel.php(111): Illuminate\\Foundation\\Http\\Kernel->sendRequestThroughRouter(Object(Illuminate\\Http\\Request))
#41 C:\\Users\\user\\Desktop\\SD Project\\cse-3100\\cse-3100\\server\\public\\index.php(51): Illuminate\\Foundation\\Http\\Kernel->handle(Object(Illuminate\\Http\\Request))
#42 C:\\Users\\user\\Desktop\\SD Project\\cse-3100\\cse-3100\\server\\server.php(21): require_once('C:\\\\Users\\\\user\\\\D...')
#43 {main}
"} 
[2026-02-21 18:41:59] production.ERROR: No application encryption key has been specified. {"exception":"[object] (Illuminate\\Encryption\\MissingAppKeyException(code: 0): No application encryption key has been specified. at C:\\Users\\user\\Desktop\\SD Project\\cse-3100\\cse-3100\\server\\vendor\\laravel\\framework\\src\\Illuminate\\Encryption\\EncryptionServiceProvider.php:101)
[stacktrace]
#0 C:\\Users\\user\\Desktop\\SD Project\\cse-3100\\cse-3100\\server\\vendor\\laravel\\framework\\src\\Illuminate\\Support\\helpers.php(263): Illuminate\\Encryption\\EncryptionServiceProvider->Illuminate\\Encryption\\{closure}(NULL)
#1 C:\\Users\\user\\Desktop\\SD Project\\cse-3100\\cse-3100\\server\\vendor\\laravel\\framework\\src\\Illuminate\\Encryption\\EncryptionServiceProvider.php(99): tap(NULL, Object(Closure))
#2 C:\\Users\\user\\Desktop\\SD Project\\cse-3100\\cse-3100\\server\\vendor\\laravel\\framework\\src\\Illuminate\\Encryption\\EncryptionServiceProvider.php(82): Illuminate\\Encryption\\EncryptionServiceProvider->key(Array)
#3 C:\\Users\\user\\Desktop\\SD Project\\cse-3100\\cse-3100\\server\\vendor\\laravel\\framework\\src\\Illuminate\\Encryption\\EncryptionServiceProvider.php(34): Illuminate\\Encryption\\EncryptionServiceProvider->parseKey(Array)
#4 C:\\Users\\user\\Desktop\\SD Project\\cse-3100\\cse-3100\\server\\vendor\\laravel\\framework\\src\\Illuminate\\Container\\Container.php(873): Illuminate\\Encryption\\EncryptionServiceProvider->Illuminate\\Encryption\\{closure}(Object(Illuminate\\Foundation\\Application), Array)
#5 C:\\Users\\user\\Desktop\\SD Project\\cse-3100\\cse-3100\\server\\vendor\\laravel\\framework\\src\\Illuminate\\Container\\Container.php(758): Illuminate\\Container\\Container->build(Object(Closure))
#6 C:\\Users\\user\\Desktop\\SD Project\\cse-3100\\cse-3100\\server\\vendor\\laravel\\framework\\src\\Illuminate\\Foundation\\Application.php(853): Illuminate\\Container\\Container->resolve('encrypter', Array, true)
#7 C:\\Users\\user\\Desktop\\SD Project\\cse-3100\\cse-3100\\server\\vendor\\laravel\\framework\\src\\Illuminate\\Container\\Container.php(694): Illuminate\\Foundation\\Application->resolve('encrypter', Array)
#8 C:\\Users\\user\\Desktop\\SD Project\\cse-3100\\cse-3100\\server\\vendor\\laravel\\framework\\src\\Illuminate\\Foundation\\Application.php(838): Illuminate\\Container\\Container->make('encrypter', Array)
#9 C:\\Users\\user\\Desktop\\SD Project\\cse-3100\\cse-3100\\server\\vendor\\laravel\\framework\\src\\Illuminate\\Container\\Container.php(1027): Illuminate\\Foundation\\Application->make('encrypter')
#10 C:\\Users\\user\\Desktop\\SD Project\\cse-3100\\cse-3100\\server\\vendor\\laravel\\framework\\src\\Illuminate\\Container\\Container.php(947): Illuminate\\Container\\Container->resolveClass(Object(ReflectionParameter))
#11 C:\\Users\\user\\Desktop\\SD Project\\cse-3100\\cse-3100\\server\\vendor\\laravel\\framework\\src\\Illuminate\\Container\\Container.php(908): Illuminate\\Container\\Container->resolveDependencies(Array)
#12 C:\\Users\\user\\Desktop\\SD Project\\cse-3100\\cse-3100\\server\\vendor\\laravel\\framework\\src\\Illuminate\\Container\\Container.php(758): Illuminate\\Container\\Container->build('App\\\\Http\\\\Middle...')
#13 C:\\Users\\user\\Desktop\\SD Project\\cse-3100\\cse-3100\\server\\vendor\\laravel\\framework\\src\\Illuminate\\Foundation\\Application.php(853): Illuminate\\Container\\Container->resolve('App\\\\Http\\\\Middle...', Array, true)
#14 C:\\Users\\user\\Desktop\\SD Project\\cse-3100\\cse-3100\\server\\vendor\\laravel\\framework\\src\\Illuminate\\Container\\Container.php(694): Illuminate\\Foundation\\Application->resolve('App\\\\Http\\\\Middle...', Array)
#15 C:\\Users\\user\\Desktop\\SD Project\\cse-3100\\cse-3100\\server\\vendor\\laravel\\framework\\src\\Illuminate\\Foundation\\Application.php(838): Illuminate\\Container\\Container->make('App\\\\Http\\\\Middle...', Array)
#16 C:\\Users\\user\\Desktop\\SD Project\\cse-3100\\cse-3100\\server\\vendor\\laravel\\framework\\src\\Illuminate\\Foundation\\Http\\Kernel.php(206): Illuminate\\Foundation\\Application->make('App\\\\Http\\\\Middle...')
#17 C:\\Users\\user\\Desktop\\SD Project\\cse-3100\\cse-3100\\server\\vendor\\laravel\\framework\\src\\Illuminate\\Foundation\\Http\\Kernel.php(180): Illuminate\\Foundation\\Http\\Kernel->terminateMiddleware(Object(Illuminate\\Http\\Request), Object(Illuminate\\Http\\JsonResponse))
#18 C:\\Users\\user\\Desktop\\SD Project\\cse-3100\\cse-3100\\server\\public\\index.php(55): Illuminate\\Foundation\\Http\\Kernel->terminate(Object(Illuminate\\Http\\Request), Object(Illuminate\\Http\\JsonResponse))
#19 C:\\Users\\user\\Desktop\\SD Project\\cse-3100\\cse-3100\\server\\server.php(21): require_once('C:\\\\Users\\\\user\\\\D...')
#20 {main}
"} 
[2026-02-22 12:50:16] local.ERROR: SQLSTATE[HY000] [2002] No connection could be made because the target machine actively refused it (SQL: SHOW FULL TABLES WHERE table_type = 'BASE TABLE') {"exception":"[object] (Illuminate\\Database\\QueryException(code: 2002): SQLSTATE[HY000] [2002] No connection could be made because the target machine actively refused it (SQL: SHOW FULL TABLES WHERE table_type = 'BASE TABLE') at C:\\Users\\user\\Desktop\\SD Project Backup\\LawConnect\\server\\vendor\\laravel\\framework\\src\\Illuminate\\Database\\Connection.php:712)
[stacktrace]
#0 C:\\Users\\user\\Desktop\\SD Project Backup\\LawConnect\\server\\vendor\\laravel\\framework\\src\\Illuminate\\Database\\Connection.php(672): Illuminate\\Database\\Connection->runQueryCallback('SHOW FULL TABLE...', Array, Object(Closure))
#1 C:\\Users\\user\\Desktop\\SD Project Backup\\LawConnect\\server\\vendor\\laravel\\framework\\src\\Illuminate\\Database\\Connection.php(359): Illuminate\\Database\\Connection->run('SHOW FULL TABLE...', Array, Object(Closure))
#2 C:\\Users\\user\\Desktop\\SD Project Backup\\LawConnect\\server\\vendor\\laravel\\framework\\src\\Illuminate\\Database\\Schema\\MySqlBuilder.php(124): Illuminate\\Database\\Connection->select('SHOW FULL TABLE...')
#3 C:\\Users\\user\\Desktop\\SD Project Backup\\LawConnect\\server\\vendor\\laravel\\framework\\src\\Illuminate\\Database\\Schema\\MySqlBuilder.php(74): Illuminate\\Database\\Schema\\MySqlBuilder->getAllTables()
#4 C:\\Users\\user\\Desktop\\SD Project Backup\\LawConnect\\server\\vendor\\laravel\\framework\\src\\Illuminate\\Database\\Console\\WipeCommand.php(69): Illuminate\\Database\\Schema\\MySqlBuilder->dropAllTables()
#5 C:\\Users\\user\\Desktop\\SD Project Backup\\LawConnect\\server\\vendor\\laravel\\framework\\src\\Illuminate\\Database\\Console\\WipeCommand.php(46): Illuminate\\Database\\Console\\WipeCommand->dropAllTables(NULL)
#6 C:\\Users\\user\\Desktop\\SD Project Backup\\LawConnect\\server\\vendor\\laravel\\framework\\src\\Illuminate\\Container\\BoundMethod.php(36): Illuminate\\Database\\Console\\WipeCommand->handle()
#7 C:\\Users\\user\\Desktop\\SD Project Backup\\LawConnect\\server\\vendor\\laravel\\framework\\src\\Illuminate\\Container\\Util.php(40): Illuminate\\Container\\BoundMethod::Illuminate\\Container\\{closure}()
#8 C:\\Users\\user\\Desktop\\SD Project Backup\\LawConnect\\server\\vendor\\laravel\\framework\\src\\Illuminate\\Container\\BoundMethod.php(93): Illuminate\\Container\\Util::unwrapIfClosure(Object(Closure))
#9 C:\\Users\\user\\Desktop\\SD Project Backup\\LawConnect\\server\\vendor\\laravel\\framework\\src\\Illuminate\\Container\\BoundMethod.php(35): Illuminate\\Container\\BoundMethod::callBoundMethod(Object(Illuminate\\Foundation\\Application), Array, Object(Closure))
#10 C:\\Users\\user\\Desktop\\SD Project Backup\\LawConnect\\server\\vendor\\laravel\\framework\\src\\Illuminate\\Container\\Container.php(653): Illuminate\\Container\\BoundMethod::call(Object(Illuminate\\Foundation\\Application), Array, Array, NULL)
#11 C:\\Users\\user\\Desktop\\SD Project Backup\\LawConnect\\server\\vendor\\laravel\\framework\\src\\Illuminate\\Console\\Command.php(136): Illuminate\\Container\\Container->call(Array)
#12 C:\\Users\\user\\Desktop\\SD Project Backup\\LawConnect\\server\\vendor\\symfony\\console\\Command\\Command.php(298): Illuminate\\Console\\Command->execute(Object(Symfony\\Component\\Console\\Input\\ArrayInput), Object(Illuminate\\Console\\OutputStyle))
#13 C:\\Users\\user\\Desktop\\SD Project Backup\\LawConnect\\server\\vendor\\laravel\\framework\\src\\Illuminate\\Console\\Command.php(120): Symfony\\Component\\Console\\Command\\Command->run(Object(Symfony\\Component\\Console\\Input\\ArrayInput), Object(Illuminate\\Console\\OutputStyle))
#14 C:\\Users\\user\\Desktop\\SD Project Backup\\LawConnect\\server\\vendor\\laravel\\framework\\src\\Illuminate\\Console\\Concerns\\CallsCommands.php(67): Illuminate\\Console\\Command->run(Object(Symfony\\Component\\Console\\Input\\ArrayInput), Object(Illuminate\\Console\\OutputStyle))
#15 C:\\Users\\user\\Desktop\\SD Project Backup\\LawConnect\\server\\vendor\\laravel\\framework\\src\\Illuminate\\Console\\Concerns\\CallsCommands.php(28): Illuminate\\Console\\Command->runCommand('db:wipe', Array, Object(Illuminate\\Console\\OutputStyle))
#16 C:\\Users\\user\\Desktop\\SD Project Backup\\LawConnect\\server\\vendor\\laravel\\framework\\src\\Illuminate\\Database\\Console\\Migrations\\FreshCommand.php(42): Illuminate\\Console\\Command->call('db:wipe', Array)
#17 C:\\Users\\user\\Desktop\\SD Project Backup\\LawConnect\\server\\vendor\\laravel\\framework\\src\\Illuminate\\Container\\BoundMethod.php(36): Illuminate\\Database\\Console\\Migrations\\FreshCommand->handle()
#18 C:\\Users\\user\\Desktop\\SD Project Backup\\LawConnect\\server\\vendor\\laravel\\framework\\src\\Illuminate\\Container\\Util.php(40): Illuminate\\Container\\BoundMethod::Illuminate\\Container\\{closure}()
#19 C:\\Users\\user\\Desktop\\SD Project Backup\\LawConnect\\server\\vendor\\laravel\\framework\\src\\Illuminate\\Container\\BoundMethod.php(93): Illuminate\\Container\\Util::unwrapIfClosure(Object(Closure))
#20 C:\\Users\\user\\Desktop\\SD Project Backup\\LawConnect\\server\\vendor\\laravel\\framework\\src\\Illuminate\\Container\\BoundMethod.php(35): Illuminate\\Container\\BoundMethod::callBoundMethod(Object(Illuminate\\Foundation\\Application), Array, Object(Closure))
#21 C:\\Users\\user\\Desktop\\SD Project Backup\\LawConnect\\server\\vendor\\laravel\\framework\\src\\Illuminate\\Container\\Container.php(653): Illuminate\\Container\\BoundMethod::call(Object(Illuminate\\Foundation\\Application), Array, Array, NULL)
#22 C:\\Users\\user\\Desktop\\SD Project Backup\\LawConnect\\server\\vendor\\laravel\\framework\\src\\Illuminate\\Console\\Command.php(136): Illuminate\\Container\\Container->call(Array)
#23 C:\\Users\\user\\Desktop\\SD Project Backup\\LawConnect\\server\\vendor\\symfony\\console\\Command\\Command.php(298): Illuminate\\Console\\Command->execute(Object(Symfony\\Component\\Console\\Input\\ArgvInput), Object(Illuminate\\Console\\OutputStyle))
#24 C:\\Users\\user\\Desktop\\SD Project Backup\\LawConnect\\server\\vendor\\laravel\\framework\\src\\Illuminate\\Console\\Command.php(120): Symfony\\Component\\Console\\Command\\Command->run(Object(Symfony\\Component\\Console\\Input\\ArgvInput), Object(Illuminate\\Console\\OutputStyle))
#25 C:\\Users\\user\\Desktop\\SD Project Backup\\LawConnect\\server\\vendor\\symfony\\console\\Application.php(1040): Illuminate\\Console\\Command->run(Object(Symfony\\Component\\Console\\Input\\ArgvInput), Object(Symfony\\Component\\Console\\Output\\ConsoleOutput))
#26 C:\\Users\\user\\Desktop\\SD Project Backup\\LawConnect\\server\\vendor\\symfony\\console\\Application.php(301): Symfony\\Component\\Console\\Application->doRunCommand(Object(Illuminate\\Database\\Console\\Migrations\\FreshCommand), Object(Symfony\\Component\\Console\\Input\\ArgvInput), Object(Symfony\\Component\\Console\\Output\\ConsoleOutput))
#27 C:\\Users\\user\\Desktop\\SD Project Backup\\LawConnect\\server\\vendor\\symfony\\console\\Application.php(171): Symfony\\Component\\Console\\Application->doRun(Object(Symfony\\Component\\Console\\Input\\ArgvInput), Object(Symfony\\Component\\Console\\Output\\ConsoleOutput))
#28 C:\\Users\\user\\Desktop\\SD Project Backup\\LawConnect\\server\\vendor\\laravel\\framework\\src\\Illuminate\\Console\\Application.php(94): Symfony\\Component\\Console\\Application->run(Object(Symfony\\Component\\Console\\Input\\ArgvInput), Object(Symfony\\Component\\Console\\Output\\ConsoleOutput))
#29 C:\\Users\\user\\Desktop\\SD Project Backup\\LawConnect\\server\\vendor\\laravel\\framework\\src\\Illuminate\\Foundation\\Console\\Kernel.php(129): Illuminate\\Console\\Application->run(Object(Symfony\\Component\\Console\\Input\\ArgvInput), Object(Symfony\\Component\\Console\\Output\\ConsoleOutput))
#30 C:\\Users\\user\\Desktop\\SD Project Backup\\LawConnect\\server\\artisan(35): Illuminate\\Foundation\\Console\\Kernel->handle(Object(Symfony\\Component\\Console\\Input\\ArgvInput), Object(Symfony\\Component\\Console\\Output\\ConsoleOutput))
#31 {main}

[previous exception] [object] (PDOException(code: 2002): SQLSTATE[HY000] [2002] No connection could be made because the target machine actively refused it at C:\\Users\\user\\Desktop\\SD Project Backup\\LawConnect\\server\\vendor\\laravel\\framework\\src\\Illuminate\\Database\\Connectors\\Connector.php:70)
[stacktrace]
#0 C:\\Users\\user\\Desktop\\SD Project Backup\\LawConnect\\server\\vendor\\laravel\\framework\\src\\Illuminate\\Database\\Connectors\\Connector.php(70): PDO->__construct('mysql:host=127....', 'root', Object(SensitiveParameterValue), Array)
#1 C:\\Users\\user\\Desktop\\SD Project Backup\\LawConnect\\server\\vendor\\laravel\\framework\\src\\Illuminate\\Database\\Connectors\\Connector.php(45): Illuminate\\Database\\Connectors\\Connector->createPdoConnection('mysql:host=127....', 'root', '', Array)
#2 C:\\Users\\user\\Desktop\\SD Project Backup\\LawConnect\\server\\vendor\\laravel\\framework\\src\\Illuminate\\Database\\Connectors\\MySqlConnector.php(24): Illuminate\\Database\\Connectors\\Connector->createConnection('mysql:host=127....', Array, Array)
#3 C:\\Users\\user\\Desktop\\SD Project Backup\\LawConnect\\server\\vendor\\laravel\\framework\\src\\Illuminate\\Database\\Connectors\\ConnectionFactory.php(184): Illuminate\\Database\\Connectors\\MySqlConnector->connect(Array)
#4 [internal function]: Illuminate\\Database\\Connectors\\ConnectionFactory->Illuminate\\Database\\Connectors\\{closure}()
#5 C:\\Users\\user\\Desktop\\SD Project Backup\\LawConnect\\server\\vendor\\laravel\\framework\\src\\Illuminate\\Database\\Connection.php(1064): call_user_func(Object(Closure))
#6 C:\\Users\\user\\Desktop\\SD Project Backup\\LawConnect\\server\\vendor\\laravel\\framework\\src\\Illuminate\\Database\\Connection.php(1100): Illuminate\\Database\\Connection->getPdo()
#7 C:\\Users\\user\\Desktop\\SD Project Backup\\LawConnect\\server\\vendor\\laravel\\framework\\src\\Illuminate\\Database\\Connection.php(442): Illuminate\\Database\\Connection->getReadPdo()
#8 C:\\Users\\user\\Desktop\\SD Project Backup\\LawConnect\\server\\vendor\\laravel\\framework\\src\\Illuminate\\Database\\Connection.php(368): Illuminate\\Database\\Connection->getPdoForSelect(true)
#9 C:\\Users\\user\\Desktop\\SD Project Backup\\LawConnect\\server\\vendor\\laravel\\framework\\src\\Illuminate\\Database\\Connection.php(705): Illuminate\\Database\\Connection->Illuminate\\Database\\{closure}('SHOW FULL TABLE...', Array)
#10 C:\\Users\\user\\Desktop\\SD Project Backup\\LawConnect\\server\\vendor\\laravel\\framework\\src\\Illuminate\\Database\\Connection.php(672): Illuminate\\Database\\Connection->runQueryCallback('SHOW FULL TABLE...', Array, Object(Closure))
#11 C:\\Users\\user\\Desktop\\SD Project Backup\\LawConnect\\server\\vendor\\laravel\\framework\\src\\Illuminate\\Database\\Connection.php(359): Illuminate\\Database\\Connection->run('SHOW FULL TABLE...', Array, Object(Closure))
#12 C:\\Users\\user\\Desktop\\SD Project Backup\\LawConnect\\server\\vendor\\laravel\\framework\\src\\Illuminate\\Database\\Schema\\MySqlBuilder.php(124): Illuminate\\Database\\Connection->select('SHOW FULL TABLE...')
#13 C:\\Users\\user\\Desktop\\SD Project Backup\\LawConnect\\server\\vendor\\laravel\\framework\\src\\Illuminate\\Database\\Schema\\MySqlBuilder.php(74): Illuminate\\Database\\Schema\\MySqlBuilder->getAllTables()
#14 C:\\Users\\user\\Desktop\\SD Project Backup\\LawConnect\\server\\vendor\\laravel\\framework\\src\\Illuminate\\Database\\Console\\WipeCommand.php(69): Illuminate\\Database\\Schema\\MySqlBuilder->dropAllTables()
#15 C:\\Users\\user\\Desktop\\SD Project Backup\\LawConnect\\server\\vendor\\laravel\\framework\\src\\Illuminate\\Database\\Console\\WipeCommand.php(46): Illuminate\\Database\\Console\\WipeCommand->dropAllTables(NULL)
#16 C:\\Users\\user\\Desktop\\SD Project Backup\\LawConnect\\server\\vendor\\laravel\\framework\\src\\Illuminate\\Container\\BoundMethod.php(36): Illuminate\\Database\\Console\\WipeCommand->handle()
#17 C:\\Users\\user\\Desktop\\SD Project Backup\\LawConnect\\server\\vendor\\laravel\\framework\\src\\Illuminate\\Container\\Util.php(40): Illuminate\\Container\\BoundMethod::Illuminate\\Container\\{closure}()
#18 C:\\Users\\user\\Desktop\\SD Project Backup\\LawConnect\\server\\vendor\\laravel\\framework\\src\\Illuminate\\Container\\BoundMethod.php(93): Illuminate\\Container\\Util::unwrapIfClosure(Object(Closure))
#19 C:\\Users\\user\\Desktop\\SD Project Backup\\LawConnect\\server\\vendor\\laravel\\framework\\src\\Illuminate\\Container\\BoundMethod.php(35): Illuminate\\Container\\BoundMethod::callBoundMethod(Object(Illuminate\\Foundation\\Application), Array, Object(Closure))
#20 C:\\Users\\user\\Desktop\\SD Project Backup\\LawConnect\\server\\vendor\\laravel\\framework\\src\\Illuminate\\Container\\Container.php(653): Illuminate\\Container\\BoundMethod::call(Object(Illuminate\\Foundation\\Application), Array, Array, NULL)
#21 C:\\Users\\user\\Desktop\\SD Project Backup\\LawConnect\\server\\vendor\\laravel\\framework\\src\\Illuminate\\Console\\Command.php(136): Illuminate\\Container\\Container->call(Array)
#22 C:\\Users\\user\\Desktop\\SD Project Backup\\LawConnect\\server\\vendor\\symfony\\console\\Command\\Command.php(298): Illuminate\\Console\\Command->execute(Object(Symfony\\Component\\Console\\Input\\ArrayInput), Object(Illuminate\\Console\\OutputStyle))
#23 C:\\Users\\user\\Desktop\\SD Project Backup\\LawConnect\\server\\vendor\\laravel\\framework\\src\\Illuminate\\Console\\Command.php(120): Symfony\\Component\\Console\\Command\\Command->run(Object(Symfony\\Component\\Console\\Input\\ArrayInput), Object(Illuminate\\Console\\OutputStyle))
#24 C:\\Users\\user\\Desktop\\SD Project Backup\\LawConnect\\server\\vendor\\laravel\\framework\\src\\Illuminate\\Console\\Concerns\\CallsCommands.php(67): Illuminate\\Console\\Command->run(Object(Symfony\\Component\\Console\\Input\\ArrayInput), Object(Illuminate\\Console\\OutputStyle))
#25 C:\\Users\\user\\Desktop\\SD Project Backup\\LawConnect\\server\\vendor\\laravel\\framework\\src\\Illuminate\\Console\\Concerns\\CallsCommands.php(28): Illuminate\\Console\\Command->runCommand('db:wipe', Array, Object(Illuminate\\Console\\OutputStyle))
#26 C:\\Users\\user\\Desktop\\SD Project Backup\\LawConnect\\server\\vendor\\laravel\\framework\\src\\Illuminate\\Database\\Console\\Migrations\\FreshCommand.php(42): Illuminate\\Console\\Command->call('db:wipe', Array)
#27 C:\\Users\\user\\Desktop\\SD Project Backup\\LawConnect\\server\\vendor\\laravel\\framework\\src\\Illuminate\\Container\\BoundMethod.php(36): Illuminate\\Database\\Console\\Migrations\\FreshCommand->handle()
#28 C:\\Users\\user\\Desktop\\SD Project Backup\\LawConnect\\server\\vendor\\laravel\\framework\\src\\Illuminate\\Container\\Util.php(40): Illuminate\\Container\\BoundMethod::Illuminate\\Container\\{closure}()
#29 C:\\Users\\user\\Desktop\\SD Project Backup\\LawConnect\\server\\vendor\\laravel\\framework\\src\\Illuminate\\Container\\BoundMethod.php(93): Illuminate\\Container\\Util::unwrapIfClosure(Object(Closure))
#30 C:\\Users\\user\\Desktop\\SD Project Backup\\LawConnect\\server\\vendor\\laravel\\framework\\src\\Illuminate\\Container\\BoundMethod.php(35): Illuminate\\Container\\BoundMethod::callBoundMethod(Object(Illuminate\\Foundation\\Application), Array, Object(Closure))
#31 C:\\Users\\user\\Desktop\\SD Project Backup\\LawConnect\\server\\vendor\\laravel\\framework\\src\\Illuminate\\Container\\Container.php(653): Illuminate\\Container\\BoundMethod::call(Object(Illuminate\\Foundation\\Application), Array, Array, NULL)
#32 C:\\Users\\user\\Desktop\\SD Project Backup\\LawConnect\\server\\vendor\\laravel\\framework\\src\\Illuminate\\Console\\Command.php(136): Illuminate\\Container\\Container->call(Array)
#33 C:\\Users\\user\\Desktop\\SD Project Backup\\LawConnect\\server\\vendor\\symfony\\console\\Command\\Command.php(298): Illuminate\\Console\\Command->execute(Object(Symfony\\Component\\Console\\Input\\ArgvInput), Object(Illuminate\\Console\\OutputStyle))
#34 C:\\Users\\user\\Desktop\\SD Project Backup\\LawConnect\\server\\vendor\\laravel\\framework\\src\\Illuminate\\Console\\Command.php(120): Symfony\\Component\\Console\\Command\\Command->run(Object(Symfony\\Component\\Console\\Input\\ArgvInput), Object(Illuminate\\Console\\OutputStyle))
#35 C:\\Users\\user\\Desktop\\SD Project Backup\\LawConnect\\server\\vendor\\symfony\\console\\Application.php(1040): Illuminate\\Console\\Command->run(Object(Symfony\\Component\\Console\\Input\\ArgvInput), Object(Symfony\\Component\\Console\\Output\\ConsoleOutput))
#36 C:\\Users\\user\\Desktop\\SD Project Backup\\LawConnect\\server\\vendor\\symfony\\console\\Application.php(301): Symfony\\Component\\Console\\Application->doRunCommand(Object(Illuminate\\Database\\Console\\Migrations\\FreshCommand), Object(Symfony\\Component\\Console\\Input\\ArgvInput), Object(Symfony\\Component\\Console\\Output\\ConsoleOutput))
#37 C:\\Users\\user\\Desktop\\SD Project Backup\\LawConnect\\server\\vendor\\symfony\\console\\Application.php(171): Symfony\\Component\\Console\\Application->doRun(Object(Symfony\\Component\\Console\\Input\\ArgvInput), Object(Symfony\\Component\\Console\\Output\\ConsoleOutput))
#38 C:\\Users\\user\\Desktop\\SD Project Backup\\LawConnect\\server\\vendor\\laravel\\framework\\src\\Illuminate\\Console\\Application.php(94): Symfony\\Component\\Console\\Application->run(Object(Symfony\\Component\\Console\\Input\\ArgvInput), Object(Symfony\\Component\\Console\\Output\\ConsoleOutput))
#39 C:\\Users\\user\\Desktop\\SD Project Backup\\LawConnect\\server\\vendor\\laravel\\framework\\src\\Illuminate\\Foundation\\Console\\Kernel.php(129): Illuminate\\Console\\Application->run(Object(Symfony\\Component\\Console\\Input\\ArgvInput), Object(Symfony\\Component\\Console\\Output\\ConsoleOutput))
#40 C:\\Users\\user\\Desktop\\SD Project Backup\\LawConnect\\server\\artisan(35): Illuminate\\Foundation\\Console\\Kernel->handle(Object(Symfony\\Component\\Console\\Input\\ArgvInput), Object(Symfony\\Component\\Console\\Output\\ConsoleOutput))
#41 {main}
"} 
[2026-02-22 13:35:40] local.ERROR: SQLSTATE[HY000] [1045] Access denied for user 'root'@'localhost' (using password: YES) (SQL: SHOW FULL TABLES WHERE table_type = 'BASE TABLE') {"exception":"[object] (Illuminate\\Database\\QueryException(code: 1045): SQLSTATE[HY000] [1045] Access denied for user 'root'@'localhost' (using password: YES) (SQL: SHOW FULL TABLES WHERE table_type = 'BASE TABLE') at C:\\Users\\user\\Desktop\\SD Project Backup\\LawConnect\\server\\vendor\\laravel\\framework\\src\\Illuminate\\Database\\Connection.php:712)
[stacktrace]
#0 C:\\Users\\user\\Desktop\\SD Project Backup\\LawConnect\\server\\vendor\\laravel\\framework\\src\\Illuminate\\Database\\Connection.php(672): Illuminate\\Database\\Connection->runQueryCallback('SHOW FULL TABLE...', Array, Object(Closure))
#1 C:\\Users\\user\\Desktop\\SD Project Backup\\LawConnect\\server\\vendor\\laravel\\framework\\src\\Illuminate\\Database\\Connection.php(359): Illuminate\\Database\\Connection->run('SHOW FULL TABLE...', Array, Object(Closure))
#2 C:\\Users\\user\\Desktop\\SD Project Backup\\LawConnect\\server\\vendor\\laravel\\framework\\src\\Illuminate\\Database\\Schema\\MySqlBuilder.php(124): Illuminate\\Database\\Connection->select('SHOW FULL TABLE...')
#3 C:\\Users\\user\\Desktop\\SD Project Backup\\LawConnect\\server\\vendor\\laravel\\framework\\src\\Illuminate\\Database\\Schema\\MySqlBuilder.php(74): Illuminate\\Database\\Schema\\MySqlBuilder->getAllTables()
#4 C:\\Users\\user\\Desktop\\SD Project Backup\\LawConnect\\server\\vendor\\laravel\\framework\\src\\Illuminate\\Database\\Console\\WipeCommand.php(69): Illuminate\\Database\\Schema\\MySqlBuilder->dropAllTables()
#5 C:\\Users\\user\\Desktop\\SD Project Backup\\LawConnect\\server\\vendor\\laravel\\framework\\src\\Illuminate\\Database\\Console\\WipeCommand.php(46): Illuminate\\Database\\Console\\WipeCommand->dropAllTables(NULL)
#6 C:\\Users\\user\\Desktop\\SD Project Backup\\LawConnect\\server\\vendor\\laravel\\framework\\src\\Illuminate\\Container\\BoundMethod.php(36): Illuminate\\Database\\Console\\WipeCommand->handle()
#7 C:\\Users\\user\\Desktop\\SD Project Backup\\LawConnect\\server\\vendor\\laravel\\framework\\src\\Illuminate\\Container\\Util.php(40): Illuminate\\Container\\BoundMethod::Illuminate\\Container\\{closure}()
#8 C:\\Users\\user\\Desktop\\SD Project Backup\\LawConnect\\server\\vendor\\laravel\\framework\\src\\Illuminate\\Container\\BoundMethod.php(93): Illuminate\\Container\\Util::unwrapIfClosure(Object(Closure))
#9 C:\\Users\\user\\Desktop\\SD Project Backup\\LawConnect\\server\\vendor\\laravel\\framework\\src\\Illuminate\\Container\\BoundMethod.php(35): Illuminate\\Container\\BoundMethod::callBoundMethod(Object(Illuminate\\Foundation\\Application), Array, Object(Closure))
#10 C:\\Users\\user\\Desktop\\SD Project Backup\\LawConnect\\server\\vendor\\laravel\\framework\\src\\Illuminate\\Container\\Container.php(653): Illuminate\\Container\\BoundMethod::call(Object(Illuminate\\Foundation\\Application), Array, Array, NULL)
#11 C:\\Users\\user\\Desktop\\SD Project Backup\\LawConnect\\server\\vendor\\laravel\\framework\\src\\Illuminate\\Console\\Command.php(136): Illuminate\\Container\\Container->call(Array)
#12 C:\\Users\\user\\Desktop\\SD Project Backup\\LawConnect\\server\\vendor\\symfony\\console\\Command\\Command.php(298): Illuminate\\Console\\Command->execute(Object(Symfony\\Component\\Console\\Input\\ArrayInput), Object(Illuminate\\Console\\OutputStyle))
#13 C:\\Users\\user\\Desktop\\SD Project Backup\\LawConnect\\server\\vendor\\laravel\\framework\\src\\Illuminate\\Console\\Command.php(120): Symfony\\Component\\Console\\Command\\Command->run(Object(Symfony\\Component\\Console\\Input\\ArrayInput), Object(Illuminate\\Console\\OutputStyle))
#14 C:\\Users\\user\\Desktop\\SD Project Backup\\LawConnect\\server\\vendor\\laravel\\framework\\src\\Illuminate\\Console\\Concerns\\CallsCommands.php(67): Illuminate\\Console\\Command->run(Object(Symfony\\Component\\Console\\Input\\ArrayInput), Object(Illuminate\\Console\\OutputStyle))
#15 C:\\Users\\user\\Desktop\\SD Project Backup\\LawConnect\\server\\vendor\\laravel\\framework\\src\\Illuminate\\Console\\Concerns\\CallsCommands.php(28): Illuminate\\Console\\Command->runCommand('db:wipe', Array, Object(Illuminate\\Console\\OutputStyle))
#16 C:\\Users\\user\\Desktop\\SD Project Backup\\LawConnect\\server\\vendor\\laravel\\framework\\src\\Illuminate\\Database\\Console\\Migrations\\FreshCommand.php(42): Illuminate\\Console\\Command->call('db:wipe', Array)
#17 C:\\Users\\user\\Desktop\\SD Project Backup\\LawConnect\\server\\vendor\\laravel\\framework\\src\\Illuminate\\Container\\BoundMethod.php(36): Illuminate\\Database\\Console\\Migrations\\FreshCommand->handle()
#18 C:\\Users\\user\\Desktop\\SD Project Backup\\LawConnect\\server\\vendor\\laravel\\framework\\src\\Illuminate\\Container\\Util.php(40): Illuminate\\Container\\BoundMethod::Illuminate\\Container\\{closure}()
#19 C:\\Users\\user\\Desktop\\SD Project Backup\\LawConnect\\server\\vendor\\laravel\\framework\\src\\Illuminate\\Container\\BoundMethod.php(93): Illuminate\\Container\\Util::unwrapIfClosure(Object(Closure))
#20 C:\\Users\\user\\Desktop\\SD Project Backup\\LawConnect\\server\\vendor\\laravel\\framework\\src\\Illuminate\\Container\\BoundMethod.php(35): Illuminate\\Container\\BoundMethod::callBoundMethod(Object(Illuminate\\Foundation\\Application), Array, Object(Closure))
#21 C:\\Users\\user\\Desktop\\SD Project Backup\\LawConnect\\server\\vendor\\laravel\\framework\\src\\Illuminate\\Container\\Container.php(653): Illuminate\\Container\\BoundMethod::call(Object(Illuminate\\Foundation\\Application), Array, Array, NULL)
#22 C:\\Users\\user\\Desktop\\SD Project Backup\\LawConnect\\server\\vendor\\laravel\\framework\\src\\Illuminate\\Console\\Command.php(136): Illuminate\\Container\\Container->call(Array)
#23 C:\\Users\\user\\Desktop\\SD Project Backup\\LawConnect\\server\\vendor\\symfony\\console\\Command\\Command.php(298): Illuminate\\Console\\Command->execute(Object(Symfony\\Component\\Console\\Input\\ArgvInput), Object(Illuminate\\Console\\OutputStyle))
#24 C:\\Users\\user\\Desktop\\SD Project Backup\\LawConnect\\server\\vendor\\laravel\\framework\\src\\Illuminate\\Console\\Command.php(120): Symfony\\Component\\Console\\Command\\Command->run(Object(Symfony\\Component\\Console\\Input\\ArgvInput), Object(Illuminate\\Console\\OutputStyle))
#25 C:\\Users\\user\\Desktop\\SD Project Backup\\LawConnect\\server\\vendor\\symfony\\console\\Application.php(1040): Illuminate\\Console\\Command->run(Object(Symfony\\Component\\Console\\Input\\ArgvInput), Object(Symfony\\Component\\Console\\Output\\ConsoleOutput))
#26 C:\\Users\\user\\Desktop\\SD Project Backup\\LawConnect\\server\\vendor\\symfony\\console\\Application.php(301): Symfony\\Component\\Console\\Application->doRunCommand(Object(Illuminate\\Database\\Console\\Migrations\\FreshCommand), Object(Symfony\\Component\\Console\\Input\\ArgvInput), Object(Symfony\\Component\\Console\\Output\\ConsoleOutput))
#27 C:\\Users\\user\\Desktop\\SD Project Backup\\LawConnect\\server\\vendor\\symfony\\console\\Application.php(171): Symfony\\Component\\Console\\Application->doRun(Object(Symfony\\Component\\Console\\Input\\ArgvInput), Object(Symfony\\Component\\Console\\Output\\ConsoleOutput))
#28 C:\\Users\\user\\Desktop\\SD Project Backup\\LawConnect\\server\\vendor\\laravel\\framework\\src\\Illuminate\\Console\\Application.php(94): Symfony\\Component\\Console\\Application->run(Object(Symfony\\Component\\Console\\Input\\ArgvInput), Object(Symfony\\Component\\Console\\Output\\ConsoleOutput))
#29 C:\\Users\\user\\Desktop\\SD Project Backup\\LawConnect\\server\\vendor\\laravel\\framework\\src\\Illuminate\\Foundation\\Console\\Kernel.php(129): Illuminate\\Console\\Application->run(Object(Symfony\\Component\\Console\\Input\\ArgvInput), Object(Symfony\\Component\\Console\\Output\\ConsoleOutput))
#30 C:\\Users\\user\\Desktop\\SD Project Backup\\LawConnect\\server\\artisan(35): Illuminate\\Foundation\\Console\\Kernel->handle(Object(Symfony\\Component\\Console\\Input\\ArgvInput), Object(Symfony\\Component\\Console\\Output\\ConsoleOutput))
#31 {main}

[previous exception] [object] (PDOException(code: 1045): SQLSTATE[HY000] [1045] Access denied for user 'root'@'localhost' (using password: YES) at C:\\Users\\user\\Desktop\\SD Project Backup\\LawConnect\\server\\vendor\\laravel\\framework\\src\\Illuminate\\Database\\Connectors\\Connector.php:70)
[stacktrace]
#0 C:\\Users\\user\\Desktop\\SD Project Backup\\LawConnect\\server\\vendor\\laravel\\framework\\src\\Illuminate\\Database\\Connectors\\Connector.php(70): PDO->__construct('mysql:host=127....', 'root', Object(SensitiveParameterValue), Array)
#1 C:\\Users\\user\\Desktop\\SD Project Backup\\LawConnect\\server\\vendor\\laravel\\framework\\src\\Illuminate\\Database\\Connectors\\Connector.php(45): Illuminate\\Database\\Connectors\\Connector->createPdoConnection('mysql:host=127....', 'root', '1710216867DIp$', Array)
#2 C:\\Users\\user\\Desktop\\SD Project Backup\\LawConnect\\server\\vendor\\laravel\\framework\\src\\Illuminate\\Database\\Connectors\\MySqlConnector.php(24): Illuminate\\Database\\Connectors\\Connector->createConnection('mysql:host=127....', Array, Array)
#3 C:\\Users\\user\\Desktop\\SD Project Backup\\LawConnect\\server\\vendor\\laravel\\framework\\src\\Illuminate\\Database\\Connectors\\ConnectionFactory.php(184): Illuminate\\Database\\Connectors\\MySqlConnector->connect(Array)
#4 [internal function]: Illuminate\\Database\\Connectors\\ConnectionFactory->Illuminate\\Database\\Connectors\\{closure}()
#5 C:\\Users\\user\\Desktop\\SD Project Backup\\LawConnect\\server\\vendor\\laravel\\framework\\src\\Illuminate\\Database\\Connection.php(1064): call_user_func(Object(Closure))
#6 C:\\Users\\user\\Desktop\\SD Project Backup\\LawConnect\\server\\vendor\\laravel\\framework\\src\\Illuminate\\Database\\Connection.php(1100): Illuminate\\Database\\Connection->getPdo()
#7 C:\\Users\\user\\Desktop\\SD Project Backup\\LawConnect\\server\\vendor\\laravel\\framework\\src\\Illuminate\\Database\\Connection.php(442): Illuminate\\Database\\Connection->getReadPdo()
#8 C:\\Users\\user\\Desktop\\SD Project Backup\\LawConnect\\server\\vendor\\laravel\\framework\\src\\Illuminate\\Database\\Connection.php(368): Illuminate\\Database\\Connection->getPdoForSelect(true)
#9 C:\\Users\\user\\Desktop\\SD Project Backup\\LawConnect\\server\\vendor\\laravel\\framework\\src\\Illuminate\\Database\\Connection.php(705): Illuminate\\Database\\Connection->Illuminate\\Database\\{closure}('SHOW FULL TABLE...', Array)
#10 C:\\Users\\user\\Desktop\\SD Project Backup\\LawConnect\\server\\vendor\\laravel\\framework\\src\\Illuminate\\Database\\Connection.php(672): Illuminate\\Database\\Connection->runQueryCallback('SHOW FULL TABLE...', Array, Object(Closure))
#11 C:\\Users\\user\\Desktop\\SD Project Backup\\LawConnect\\server\\vendor\\laravel\\framework\\src\\Illuminate\\Database\\Connection.php(359): Illuminate\\Database\\Connection->run('SHOW FULL TABLE...', Array, Object(Closure))
#12 C:\\Users\\user\\Desktop\\SD Project Backup\\LawConnect\\server\\vendor\\laravel\\framework\\src\\Illuminate\\Database\\Schema\\MySqlBuilder.php(124): Illuminate\\Database\\Connection->select('SHOW FULL TABLE...')
#13 C:\\Users\\user\\Desktop\\SD Project Backup\\LawConnect\\server\\vendor\\laravel\\framework\\src\\Illuminate\\Database\\Schema\\MySqlBuilder.php(74): Illuminate\\Database\\Schema\\MySqlBuilder->getAllTables()
#14 C:\\Users\\user\\Desktop\\SD Project Backup\\LawConnect\\server\\vendor\\laravel\\framework\\src\\Illuminate\\Database\\Console\\WipeCommand.php(69): Illuminate\\Database\\Schema\\MySqlBuilder->dropAllTables()
#15 C:\\Users\\user\\Desktop\\SD Project Backup\\LawConnect\\server\\vendor\\laravel\\framework\\src\\Illuminate\\Database\\Console\\WipeCommand.php(46): Illuminate\\Database\\Console\\WipeCommand->dropAllTables(NULL)
#16 C:\\Users\\user\\Desktop\\SD Project Backup\\LawConnect\\server\\vendor\\laravel\\framework\\src\\Illuminate\\Container\\BoundMethod.php(36): Illuminate\\Database\\Console\\WipeCommand->handle()
#17 C:\\Users\\user\\Desktop\\SD Project Backup\\LawConnect\\server\\vendor\\laravel\\framework\\src\\Illuminate\\Container\\Util.php(40): Illuminate\\Container\\BoundMethod::Illuminate\\Container\\{closure}()
#18 C:\\Users\\user\\Desktop\\SD Project Backup\\LawConnect\\server\\vendor\\laravel\\framework\\src\\Illuminate\\Container\\BoundMethod.php(93): Illuminate\\Container\\Util::unwrapIfClosure(Object(Closure))
#19 C:\\Users\\user\\Desktop\\SD Project Backup\\LawConnect\\server\\vendor\\laravel\\framework\\src\\Illuminate\\Container\\BoundMethod.php(35): Illuminate\\Container\\BoundMethod::callBoundMethod(Object(Illuminate\\Foundation\\Application), Array, Object(Closure))
#20 C:\\Users\\user\\Desktop\\SD Project Backup\\LawConnect\\server\\vendor\\laravel\\framework\\src\\Illuminate\\Container\\Container.php(653): Illuminate\\Container\\BoundMethod::call(Object(Illuminate\\Foundation\\Application), Array, Array, NULL)
#21 C:\\Users\\user\\Desktop\\SD Project Backup\\LawConnect\\server\\vendor\\laravel\\framework\\src\\Illuminate\\Console\\Command.php(136): Illuminate\\Container\\Container->call(Array)
#22 C:\\Users\\user\\Desktop\\SD Project Backup\\LawConnect\\server\\vendor\\symfony\\console\\Command\\Command.php(298): Illuminate\\Console\\Command->execute(Object(Symfony\\Component\\Console\\Input\\ArrayInput), Object(Illuminate\\Console\\OutputStyle))
#23 C:\\Users\\user\\Desktop\\SD Project Backup\\LawConnect\\server\\vendor\\laravel\\framework\\src\\Illuminate\\Console\\Command.php(120): Symfony\\Component\\Console\\Command\\Command->run(Object(Symfony\\Component\\Console\\Input\\ArrayInput), Object(Illuminate\\Console\\OutputStyle))
#24 C:\\Users\\user\\Desktop\\SD Project Backup\\LawConnect\\server\\vendor\\laravel\\framework\\src\\Illuminate\\Console\\Concerns\\CallsCommands.php(67): Illuminate\\Console\\Command->run(Object(Symfony\\Component\\Console\\Input\\ArrayInput), Object(Illuminate\\Console\\OutputStyle))
#25 C:\\Users\\user\\Desktop\\SD Project Backup\\LawConnect\\server\\vendor\\laravel\\framework\\src\\Illuminate\\Console\\Concerns\\CallsCommands.php(28): Illuminate\\Console\\Command->runCommand('db:wipe', Array, Object(Illuminate\\Console\\OutputStyle))
#26 C:\\Users\\user\\Desktop\\SD Project Backup\\LawConnect\\server\\vendor\\laravel\\framework\\src\\Illuminate\\Database\\Console\\Migrations\\FreshCommand.php(42): Illuminate\\Console\\Command->call('db:wipe', Array)
#27 C:\\Users\\user\\Desktop\\SD Project Backup\\LawConnect\\server\\vendor\\laravel\\framework\\src\\Illuminate\\Container\\BoundMethod.php(36): Illuminate\\Database\\Console\\Migrations\\FreshCommand->handle()
#28 C:\\Users\\user\\Desktop\\SD Project Backup\\LawConnect\\server\\vendor\\laravel\\framework\\src\\Illuminate\\Container\\Util.php(40): Illuminate\\Container\\BoundMethod::Illuminate\\Container\\{closure}()
#29 C:\\Users\\user\\Desktop\\SD Project Backup\\LawConnect\\server\\vendor\\laravel\\framework\\src\\Illuminate\\Container\\BoundMethod.php(93): Illuminate\\Container\\Util::unwrapIfClosure(Object(Closure))
#30 C:\\Users\\user\\Desktop\\SD Project Backup\\LawConnect\\server\\vendor\\laravel\\framework\\src\\Illuminate\\Container\\BoundMethod.php(35): Illuminate\\Container\\BoundMethod::callBoundMethod(Object(Illuminate\\Foundation\\Application), Array, Object(Closure))
#31 C:\\Users\\user\\Desktop\\SD Project Backup\\LawConnect\\server\\vendor\\laravel\\framework\\src\\Illuminate\\Container\\Container.php(653): Illuminate\\Container\\BoundMethod::call(Object(Illuminate\\Foundation\\Application), Array, Array, NULL)
#32 C:\\Users\\user\\Desktop\\SD Project Backup\\LawConnect\\server\\vendor\\laravel\\framework\\src\\Illuminate\\Console\\Command.php(136): Illuminate\\Container\\Container->call(Array)
#33 C:\\Users\\user\\Desktop\\SD Project Backup\\LawConnect\\server\\vendor\\symfony\\console\\Command\\Command.php(298): Illuminate\\Console\\Command->execute(Object(Symfony\\Component\\Console\\Input\\ArgvInput), Object(Illuminate\\Console\\OutputStyle))
#34 C:\\Users\\user\\Desktop\\SD Project Backup\\LawConnect\\server\\vendor\\laravel\\framework\\src\\Illuminate\\Console\\Command.php(120): Symfony\\Component\\Console\\Command\\Command->run(Object(Symfony\\Component\\Console\\Input\\ArgvInput), Object(Illuminate\\Console\\OutputStyle))
#35 C:\\Users\\user\\Desktop\\SD Project Backup\\LawConnect\\server\\vendor\\symfony\\console\\Application.php(1040): Illuminate\\Console\\Command->run(Object(Symfony\\Component\\Console\\Input\\ArgvInput), Object(Symfony\\Component\\Console\\Output\\ConsoleOutput))
#36 C:\\Users\\user\\Desktop\\SD Project Backup\\LawConnect\\server\\vendor\\symfony\\console\\Application.php(301): Symfony\\Component\\Console\\Application->doRunCommand(Object(Illuminate\\Database\\Console\\Migrations\\FreshCommand), Object(Symfony\\Component\\Console\\Input\\ArgvInput), Object(Symfony\\Component\\Console\\Output\\ConsoleOutput))
#37 C:\\Users\\user\\Desktop\\SD Project Backup\\LawConnect\\server\\vendor\\symfony\\console\\Application.php(171): Symfony\\Component\\Console\\Application->doRun(Object(Symfony\\Component\\Console\\Input\\ArgvInput), Object(Symfony\\Component\\Console\\Output\\ConsoleOutput))
#38 C:\\Users\\user\\Desktop\\SD Project Backup\\LawConnect\\server\\vendor\\laravel\\framework\\src\\Illuminate\\Console\\Application.php(94): Symfony\\Component\\Console\\Application->run(Object(Symfony\\Component\\Console\\Input\\ArgvInput), Object(Symfony\\Component\\Console\\Output\\ConsoleOutput))
#39 C:\\Users\\user\\Desktop\\SD Project Backup\\LawConnect\\server\\vendor\\laravel\\framework\\src\\Illuminate\\Foundation\\Console\\Kernel.php(129): Illuminate\\Console\\Application->run(Object(Symfony\\Component\\Console\\Input\\ArgvInput), Object(Symfony\\Component\\Console\\Output\\ConsoleOutput))
#40 C:\\Users\\user\\Desktop\\SD Project Backup\\LawConnect\\server\\artisan(35): Illuminate\\Foundation\\Console\\Kernel->handle(Object(Symfony\\Component\\Console\\Input\\ArgvInput), Object(Symfony\\Component\\Console\\Output\\ConsoleOutput))
#41 {main}
"} 
[2026-02-22 13:35:57] local.ERROR: SQLSTATE[HY000] [1045] Access denied for user 'root'@'localhost' (using password: YES) (SQL: SHOW FULL TABLES WHERE table_type = 'BASE TABLE') {"exception":"[object] (Illuminate\\Database\\QueryException(code: 1045): SQLSTATE[HY000] [1045] Access denied for user 'root'@'localhost' (using password: YES) (SQL: SHOW FULL TABLES WHERE table_type = 'BASE TABLE') at C:\\Users\\user\\Desktop\\SD Project Backup\\LawConnect\\server\\vendor\\laravel\\framework\\src\\Illuminate\\Database\\Connection.php:712)
[stacktrace]
#0 C:\\Users\\user\\Desktop\\SD Project Backup\\LawConnect\\server\\vendor\\laravel\\framework\\src\\Illuminate\\Database\\Connection.php(672): Illuminate\\Database\\Connection->runQueryCallback('SHOW FULL TABLE...', Array, Object(Closure))
#1 C:\\Users\\user\\Desktop\\SD Project Backup\\LawConnect\\server\\vendor\\laravel\\framework\\src\\Illuminate\\Database\\Connection.php(359): Illuminate\\Database\\Connection->run('SHOW FULL TABLE...', Array, Object(Closure))
#2 C:\\Users\\user\\Desktop\\SD Project Backup\\LawConnect\\server\\vendor\\laravel\\framework\\src\\Illuminate\\Database\\Schema\\MySqlBuilder.php(124): Illuminate\\Database\\Connection->select('SHOW FULL TABLE...')
#3 C:\\Users\\user\\Desktop\\SD Project Backup\\LawConnect\\server\\vendor\\laravel\\framework\\src\\Illuminate\\Database\\Schema\\MySqlBuilder.php(74): Illuminate\\Database\\Schema\\MySqlBuilder->getAllTables()
#4 C:\\Users\\user\\Desktop\\SD Project Backup\\LawConnect\\server\\vendor\\laravel\\framework\\src\\Illuminate\\Database\\Console\\WipeCommand.php(69): Illuminate\\Database\\Schema\\MySqlBuilder->dropAllTables()
#5 C:\\Users\\user\\Desktop\\SD Project Backup\\LawConnect\\server\\vendor\\laravel\\framework\\src\\Illuminate\\Database\\Console\\WipeCommand.php(46): Illuminate\\Database\\Console\\WipeCommand->dropAllTables(NULL)
#6 C:\\Users\\user\\Desktop\\SD Project Backup\\LawConnect\\server\\vendor\\laravel\\framework\\src\\Illuminate\\Container\\BoundMethod.php(36): Illuminate\\Database\\Console\\WipeCommand->handle()
#7 C:\\Users\\user\\Desktop\\SD Project Backup\\LawConnect\\server\\vendor\\laravel\\framework\\src\\Illuminate\\Container\\Util.php(40): Illuminate\\Container\\BoundMethod::Illuminate\\Container\\{closure}()
#8 C:\\Users\\user\\Desktop\\SD Project Backup\\LawConnect\\server\\vendor\\laravel\\framework\\src\\Illuminate\\Container\\BoundMethod.php(93): Illuminate\\Container\\Util::unwrapIfClosure(Object(Closure))
#9 C:\\Users\\user\\Desktop\\SD Project Backup\\LawConnect\\server\\vendor\\laravel\\framework\\src\\Illuminate\\Container\\BoundMethod.php(35): Illuminate\\Container\\BoundMethod::callBoundMethod(Object(Illuminate\\Foundation\\Application), Array, Object(Closure))
#10 C:\\Users\\user\\Desktop\\SD Project Backup\\LawConnect\\server\\vendor\\laravel\\framework\\src\\Illuminate\\Container\\Container.php(653): Illuminate\\Container\\BoundMethod::call(Object(Illuminate\\Foundation\\Application), Array, Array, NULL)
#11 C:\\Users\\user\\Desktop\\SD Project Backup\\LawConnect\\server\\vendor\\laravel\\framework\\src\\Illuminate\\Console\\Command.php(136): Illuminate\\Container\\Container->call(Array)
#12 C:\\Users\\user\\Desktop\\SD Project Backup\\LawConnect\\server\\vendor\\symfony\\console\\Command\\Command.php(298): Illuminate\\Console\\Command->execute(Object(Symfony\\Component\\Console\\Input\\ArrayInput), Object(Illuminate\\Console\\OutputStyle))
#13 C:\\Users\\user\\Desktop\\SD Project Backup\\LawConnect\\server\\vendor\\laravel\\framework\\src\\Illuminate\\Console\\Command.php(120): Symfony\\Component\\Console\\Command\\Command->run(Object(Symfony\\Component\\Console\\Input\\ArrayInput), Object(Illuminate\\Console\\OutputStyle))
#14 C:\\Users\\user\\Desktop\\SD Project Backup\\LawConnect\\server\\vendor\\laravel\\framework\\src\\Illuminate\\Console\\Concerns\\CallsCommands.php(67): Illuminate\\Console\\Command->run(Object(Symfony\\Component\\Console\\Input\\ArrayInput), Object(Illuminate\\Console\\OutputStyle))
#15 C:\\Users\\user\\Desktop\\SD Project Backup\\LawConnect\\server\\vendor\\laravel\\framework\\src\\Illuminate\\Console\\Concerns\\CallsCommands.php(28): Illuminate\\Console\\Command->runCommand('db:wipe', Array, Object(Illuminate\\Console\\OutputStyle))
#16 C:\\Users\\user\\Desktop\\SD Project Backup\\LawConnect\\server\\vendor\\laravel\\framework\\src\\Illuminate\\Database\\Console\\Migrations\\FreshCommand.php(42): Illuminate\\Console\\Command->call('db:wipe', Array)
#17 C:\\Users\\user\\Desktop\\SD Project Backup\\LawConnect\\server\\vendor\\laravel\\framework\\src\\Illuminate\\Container\\BoundMethod.php(36): Illuminate\\Database\\Console\\Migrations\\FreshCommand->handle()
#18 C:\\Users\\user\\Desktop\\SD Project Backup\\LawConnect\\server\\vendor\\laravel\\framework\\src\\Illuminate\\Container\\Util.php(40): Illuminate\\Container\\BoundMethod::Illuminate\\Container\\{closure}()
#19 C:\\Users\\user\\Desktop\\SD Project Backup\\LawConnect\\server\\vendor\\laravel\\framework\\src\\Illuminate\\Container\\BoundMethod.php(93): Illuminate\\Container\\Util::unwrapIfClosure(Object(Closure))
#20 C:\\Users\\user\\Desktop\\SD Project Backup\\LawConnect\\server\\vendor\\laravel\\framework\\src\\Illuminate\\Container\\BoundMethod.php(35): Illuminate\\Container\\BoundMethod::callBoundMethod(Object(Illuminate\\Foundation\\Application), Array, Object(Closure))
#21 C:\\Users\\user\\Desktop\\SD Project Backup\\LawConnect\\server\\vendor\\laravel\\framework\\src\\Illuminate\\Container\\Container.php(653): Illuminate\\Container\\BoundMethod::call(Object(Illuminate\\Foundation\\Application), Array, Array, NULL)
#22 C:\\Users\\user\\Desktop\\SD Project Backup\\LawConnect\\server\\vendor\\laravel\\framework\\src\\Illuminate\\Console\\Command.php(136): Illuminate\\Container\\Container->call(Array)
#23 C:\\Users\\user\\Desktop\\SD Project Backup\\LawConnect\\server\\vendor\\symfony\\console\\Command\\Command.php(298): Illuminate\\Console\\Command->execute(Object(Symfony\\Component\\Console\\Input\\ArgvInput), Object(Illuminate\\Console\\OutputStyle))
#24 C:\\Users\\user\\Desktop\\SD Project Backup\\LawConnect\\server\\vendor\\laravel\\framework\\src\\Illuminate\\Console\\Command.php(120): Symfony\\Component\\Console\\Command\\Command->run(Object(Symfony\\Component\\Console\\Input\\ArgvInput), Object(Illuminate\\Console\\OutputStyle))
#25 C:\\Users\\user\\Desktop\\SD Project Backup\\LawConnect\\server\\vendor\\symfony\\console\\Application.php(1040): Illuminate\\Console\\Command->run(Object(Symfony\\Component\\Console\\Input\\ArgvInput), Object(Symfony\\Component\\Console\\Output\\ConsoleOutput))
#26 C:\\Users\\user\\Desktop\\SD Project Backup\\LawConnect\\server\\vendor\\symfony\\console\\Application.php(301): Symfony\\Component\\Console\\Application->doRunCommand(Object(Illuminate\\Database\\Console\\Migrations\\FreshCommand), Object(Symfony\\Component\\Console\\Input\\ArgvInput), Object(Symfony\\Component\\Console\\Output\\ConsoleOutput))
#27 C:\\Users\\user\\Desktop\\SD Project Backup\\LawConnect\\server\\vendor\\symfony\\console\\Application.php(171): Symfony\\Component\\Console\\Application->doRun(Object(Symfony\\Component\\Console\\Input\\ArgvInput), Object(Symfony\\Component\\Console\\Output\\ConsoleOutput))
#28 C:\\Users\\user\\Desktop\\SD Project Backup\\LawConnect\\server\\vendor\\laravel\\framework\\src\\Illuminate\\Console\\Application.php(94): Symfony\\Component\\Console\\Application->run(Object(Symfony\\Component\\Console\\Input\\ArgvInput), Object(Symfony\\Component\\Console\\Output\\ConsoleOutput))
#29 C:\\Users\\user\\Desktop\\SD Project Backup\\LawConnect\\server\\vendor\\laravel\\framework\\src\\Illuminate\\Foundation\\Console\\Kernel.php(129): Illuminate\\Console\\Application->run(Object(Symfony\\Component\\Console\\Input\\ArgvInput), Object(Symfony\\Component\\Console\\Output\\ConsoleOutput))
#30 C:\\Users\\user\\Desktop\\SD Project Backup\\LawConnect\\server\\artisan(35): Illuminate\\Foundation\\Console\\Kernel->handle(Object(Symfony\\Component\\Console\\Input\\ArgvInput), Object(Symfony\\Component\\Console\\Output\\ConsoleOutput))
#31 {main}

[previous exception] [object] (PDOException(code: 1045): SQLSTATE[HY000] [1045] Access denied for user 'root'@'localhost' (using password: YES) at C:\\Users\\user\\Desktop\\SD Project Backup\\LawConnect\\server\\vendor\\laravel\\framework\\src\\Illuminate\\Database\\Connectors\\Connector.php:70)
[stacktrace]
#0 C:\\Users\\user\\Desktop\\SD Project Backup\\LawConnect\\server\\vendor\\laravel\\framework\\src\\Illuminate\\Database\\Connectors\\Connector.php(70): PDO->__construct('mysql:host=127....', 'root', Object(SensitiveParameterValue), Array)
#1 C:\\Users\\user\\Desktop\\SD Project Backup\\LawConnect\\server\\vendor\\laravel\\framework\\src\\Illuminate\\Database\\Connectors\\Connector.php(45): Illuminate\\Database\\Connectors\\Connector->createPdoConnection('mysql:host=127....', 'root', '1710216867DIp$', Array)
#2 C:\\Users\\user\\Desktop\\SD Project Backup\\LawConnect\\server\\vendor\\laravel\\framework\\src\\Illuminate\\Database\\Connectors\\MySqlConnector.php(24): Illuminate\\Database\\Connectors\\Connector->createConnection('mysql:host=127....', Array, Array)
#3 C:\\Users\\user\\Desktop\\SD Project Backup\\LawConnect\\server\\vendor\\laravel\\framework\\src\\Illuminate\\Database\\Connectors\\ConnectionFactory.php(184): Illuminate\\Database\\Connectors\\MySqlConnector->connect(Array)
#4 [internal function]: Illuminate\\Database\\Connectors\\ConnectionFactory->Illuminate\\Database\\Connectors\\{closure}()
#5 C:\\Users\\user\\Desktop\\SD Project Backup\\LawConnect\\server\\vendor\\laravel\\framework\\src\\Illuminate\\Database\\Connection.php(1064): call_user_func(Object(Closure))
#6 C:\\Users\\user\\Desktop\\SD Project Backup\\LawConnect\\server\\vendor\\laravel\\framework\\src\\Illuminate\\Database\\Connection.php(1100): Illuminate\\Database\\Connection->getPdo()
#7 C:\\Users\\user\\Desktop\\SD Project Backup\\LawConnect\\server\\vendor\\laravel\\framework\\src\\Illuminate\\Database\\Connection.php(442): Illuminate\\Database\\Connection->getReadPdo()
#8 C:\\Users\\user\\Desktop\\SD Project Backup\\LawConnect\\server\\vendor\\laravel\\framework\\src\\Illuminate\\Database\\Connection.php(368): Illuminate\\Database\\Connection->getPdoForSelect(true)
#9 C:\\Users\\user\\Desktop\\SD Project Backup\\LawConnect\\server\\vendor\\laravel\\framework\\src\\Illuminate\\Database\\Connection.php(705): Illuminate\\Database\\Connection->Illuminate\\Database\\{closure}('SHOW FULL TABLE...', Array)
#10 C:\\Users\\user\\Desktop\\SD Project Backup\\LawConnect\\server\\vendor\\laravel\\framework\\src\\Illuminate\\Database\\Connection.php(672): Illuminate\\Database\\Connection->runQueryCallback('SHOW FULL TABLE...', Array, Object(Closure))
#11 C:\\Users\\user\\Desktop\\SD Project Backup\\LawConnect\\server\\vendor\\laravel\\framework\\src\\Illuminate\\Database\\Connection.php(359): Illuminate\\Database\\Connection->run('SHOW FULL TABLE...', Array, Object(Closure))
#12 C:\\Users\\user\\Desktop\\SD Project Backup\\LawConnect\\server\\vendor\\laravel\\framework\\src\\Illuminate\\Database\\Schema\\MySqlBuilder.php(124): Illuminate\\Database\\Connection->select('SHOW FULL TABLE...')
#13 C:\\Users\\user\\Desktop\\SD Project Backup\\LawConnect\\server\\vendor\\laravel\\framework\\src\\Illuminate\\Database\\Schema\\MySqlBuilder.php(74): Illuminate\\Database\\Schema\\MySqlBuilder->getAllTables()
#14 C:\\Users\\user\\Desktop\\SD Project Backup\\LawConnect\\server\\vendor\\laravel\\framework\\src\\Illuminate\\Database\\Console\\WipeCommand.php(69): Illuminate\\Database\\Schema\\MySqlBuilder->dropAllTables()
#15 C:\\Users\\user\\Desktop\\SD Project Backup\\LawConnect\\server\\vendor\\laravel\\framework\\src\\Illuminate\\Database\\Console\\WipeCommand.php(46): Illuminate\\Database\\Console\\WipeCommand->dropAllTables(NULL)
#16 C:\\Users\\user\\Desktop\\SD Project Backup\\LawConnect\\server\\vendor\\laravel\\framework\\src\\Illuminate\\Container\\BoundMethod.php(36): Illuminate\\Database\\Console\\WipeCommand->handle()
#17 C:\\Users\\user\\Desktop\\SD Project Backup\\LawConnect\\server\\vendor\\laravel\\framework\\src\\Illuminate\\Container\\Util.php(40): Illuminate\\Container\\BoundMethod::Illuminate\\Container\\{closure}()
#18 C:\\Users\\user\\Desktop\\SD Project Backup\\LawConnect\\server\\vendor\\laravel\\framework\\src\\Illuminate\\Container\\BoundMethod.php(93): Illuminate\\Container\\Util::unwrapIfClosure(Object(Closure))
#19 C:\\Users\\user\\Desktop\\SD Project Backup\\LawConnect\\server\\vendor\\laravel\\framework\\src\\Illuminate\\Container\\BoundMethod.php(35): Illuminate\\Container\\BoundMethod::callBoundMethod(Object(Illuminate\\Foundation\\Application), Array, Object(Closure))
#20 C:\\Users\\user\\Desktop\\SD Project Backup\\LawConnect\\server\\vendor\\laravel\\framework\\src\\Illuminate\\Container\\Container.php(653): Illuminate\\Container\\BoundMethod::call(Object(Illuminate\\Foundation\\Application), Array, Array, NULL)
#21 C:\\Users\\user\\Desktop\\SD Project Backup\\LawConnect\\server\\vendor\\laravel\\framework\\src\\Illuminate\\Console\\Command.php(136): Illuminate\\Container\\Container->call(Array)
#22 C:\\Users\\user\\Desktop\\SD Project Backup\\LawConnect\\server\\vendor\\symfony\\console\\Command\\Command.php(298): Illuminate\\Console\\Command->execute(Object(Symfony\\Component\\Console\\Input\\ArrayInput), Object(Illuminate\\Console\\OutputStyle))
#23 C:\\Users\\user\\Desktop\\SD Project Backup\\LawConnect\\server\\vendor\\laravel\\framework\\src\\Illuminate\\Console\\Command.php(120): Symfony\\Component\\Console\\Command\\Command->run(Object(Symfony\\Component\\Console\\Input\\ArrayInput), Object(Illuminate\\Console\\OutputStyle))
#24 C:\\Users\\user\\Desktop\\SD Project Backup\\LawConnect\\server\\vendor\\laravel\\framework\\src\\Illuminate\\Console\\Concerns\\CallsCommands.php(67): Illuminate\\Console\\Command->run(Object(Symfony\\Component\\Console\\Input\\ArrayInput), Object(Illuminate\\Console\\OutputStyle))
#25 C:\\Users\\user\\Desktop\\SD Project Backup\\LawConnect\\server\\vendor\\laravel\\framework\\src\\Illuminate\\Console\\Concerns\\CallsCommands.php(28): Illuminate\\Console\\Command->runCommand('db:wipe', Array, Object(Illuminate\\Console\\OutputStyle))
#26 C:\\Users\\user\\Desktop\\SD Project Backup\\LawConnect\\server\\vendor\\laravel\\framework\\src\\Illuminate\\Database\\Console\\Migrations\\FreshCommand.php(42): Illuminate\\Console\\Command->call('db:wipe', Array)
#27 C:\\Users\\user\\Desktop\\SD Project Backup\\LawConnect\\server\\vendor\\laravel\\framework\\src\\Illuminate\\Container\\BoundMethod.php(36): Illuminate\\Database\\Console\\Migrations\\FreshCommand->handle()
#28 C:\\Users\\user\\Desktop\\SD Project Backup\\LawConnect\\server\\vendor\\laravel\\framework\\src\\Illuminate\\Container\\Util.php(40): Illuminate\\Container\\BoundMethod::Illuminate\\Container\\{closure}()
#29 C:\\Users\\user\\Desktop\\SD Project Backup\\LawConnect\\server\\vendor\\laravel\\framework\\src\\Illuminate\\Container\\BoundMethod.php(93): Illuminate\\Container\\Util::unwrapIfClosure(Object(Closure))
#30 C:\\Users\\user\\Desktop\\SD Project Backup\\LawConnect\\server\\vendor\\laravel\\framework\\src\\Illuminate\\Container\\BoundMethod.php(35): Illuminate\\Container\\BoundMethod::callBoundMethod(Object(Illuminate\\Foundation\\Application), Array, Object(Closure))
#31 C:\\Users\\user\\Desktop\\SD Project Backup\\LawConnect\\server\\vendor\\laravel\\framework\\src\\Illuminate\\Container\\Container.php(653): Illuminate\\Container\\BoundMethod::call(Object(Illuminate\\Foundation\\Application), Array, Array, NULL)
#32 C:\\Users\\user\\Desktop\\SD Project Backup\\LawConnect\\server\\vendor\\laravel\\framework\\src\\Illuminate\\Console\\Command.php(136): Illuminate\\Container\\Container->call(Array)
#33 C:\\Users\\user\\Desktop\\SD Project Backup\\LawConnect\\server\\vendor\\symfony\\console\\Command\\Command.php(298): Illuminate\\Console\\Command->execute(Object(Symfony\\Component\\Console\\Input\\ArgvInput), Object(Illuminate\\Console\\OutputStyle))
#34 C:\\Users\\user\\Desktop\\SD Project Backup\\LawConnect\\server\\vendor\\laravel\\framework\\src\\Illuminate\\Console\\Command.php(120): Symfony\\Component\\Console\\Command\\Command->run(Object(Symfony\\Component\\Console\\Input\\ArgvInput), Object(Illuminate\\Console\\OutputStyle))
#35 C:\\Users\\user\\Desktop\\SD Project Backup\\LawConnect\\server\\vendor\\symfony\\console\\Application.php(1040): Illuminate\\Console\\Command->run(Object(Symfony\\Component\\Console\\Input\\ArgvInput), Object(Symfony\\Component\\Console\\Output\\ConsoleOutput))
#36 C:\\Users\\user\\Desktop\\SD Project Backup\\LawConnect\\server\\vendor\\symfony\\console\\Application.php(301): Symfony\\Component\\Console\\Application->doRunCommand(Object(Illuminate\\Database\\Console\\Migrations\\FreshCommand), Object(Symfony\\Component\\Console\\Input\\ArgvInput), Object(Symfony\\Component\\Console\\Output\\ConsoleOutput))
#37 C:\\Users\\user\\Desktop\\SD Project Backup\\LawConnect\\server\\vendor\\symfony\\console\\Application.php(171): Symfony\\Component\\Console\\Application->doRun(Object(Symfony\\Component\\Console\\Input\\ArgvInput), Object(Symfony\\Component\\Console\\Output\\ConsoleOutput))
#38 C:\\Users\\user\\Desktop\\SD Project Backup\\LawConnect\\server\\vendor\\laravel\\framework\\src\\Illuminate\\Console\\Application.php(94): Symfony\\Component\\Console\\Application->run(Object(Symfony\\Component\\Console\\Input\\ArgvInput), Object(Symfony\\Component\\Console\\Output\\ConsoleOutput))
#39 C:\\Users\\user\\Desktop\\SD Project Backup\\LawConnect\\server\\vendor\\laravel\\framework\\src\\Illuminate\\Foundation\\Console\\Kernel.php(129): Illuminate\\Console\\Application->run(Object(Symfony\\Component\\Console\\Input\\ArgvInput), Object(Symfony\\Component\\Console\\Output\\ConsoleOutput))
#40 C:\\Users\\user\\Desktop\\SD Project Backup\\LawConnect\\server\\artisan(35): Illuminate\\Foundation\\Console\\Kernel->handle(Object(Symfony\\Component\\Console\\Input\\ArgvInput), Object(Symfony\\Component\\Console\\Output\\ConsoleOutput))
#41 {main}
"} 
[2026-02-22 13:38:48] local.ERROR: SQLSTATE[HY000] [1045] Access denied for user 'root'@'localhost' (using password: NO) (SQL: SHOW FULL TABLES WHERE table_type = 'BASE TABLE') {"exception":"[object] (Illuminate\\Database\\QueryException(code: 1045): SQLSTATE[HY000] [1045] Access denied for user 'root'@'localhost' (using password: NO) (SQL: SHOW FULL TABLES WHERE table_type = 'BASE TABLE') at C:\\Users\\user\\Desktop\\SD Project Backup\\LawConnect\\server\\vendor\\laravel\\framework\\src\\Illuminate\\Database\\Connection.php:712)
[stacktrace]
#0 C:\\Users\\user\\Desktop\\SD Project Backup\\LawConnect\\server\\vendor\\laravel\\framework\\src\\Illuminate\\Database\\Connection.php(672): Illuminate\\Database\\Connection->runQueryCallback('SHOW FULL TABLE...', Array, Object(Closure))
#1 C:\\Users\\user\\Desktop\\SD Project Backup\\LawConnect\\server\\vendor\\laravel\\framework\\src\\Illuminate\\Database\\Connection.php(359): Illuminate\\Database\\Connection->run('SHOW FULL TABLE...', Array, Object(Closure))
#2 C:\\Users\\user\\Desktop\\SD Project Backup\\LawConnect\\server\\vendor\\laravel\\framework\\src\\Illuminate\\Database\\Schema\\MySqlBuilder.php(124): Illuminate\\Database\\Connection->select('SHOW FULL TABLE...')
#3 C:\\Users\\user\\Desktop\\SD Project Backup\\LawConnect\\server\\vendor\\laravel\\framework\\src\\Illuminate\\Database\\Schema\\MySqlBuilder.php(74): Illuminate\\Database\\Schema\\MySqlBuilder->getAllTables()
#4 C:\\Users\\user\\Desktop\\SD Project Backup\\LawConnect\\server\\vendor\\laravel\\framework\\src\\Illuminate\\Database\\Console\\WipeCommand.php(69): Illuminate\\Database\\Schema\\MySqlBuilder->dropAllTables()
#5 C:\\Users\\user\\Desktop\\SD Project Backup\\LawConnect\\server\\vendor\\laravel\\framework\\src\\Illuminate\\Database\\Console\\WipeCommand.php(46): Illuminate\\Database\\Console\\WipeCommand->dropAllTables(NULL)
#6 C:\\Users\\user\\Desktop\\SD Project Backup\\LawConnect\\server\\vendor\\laravel\\framework\\src\\Illuminate\\Container\\BoundMethod.php(36): Illuminate\\Database\\Console\\WipeCommand->handle()
#7 C:\\Users\\user\\Desktop\\SD Project Backup\\LawConnect\\server\\vendor\\laravel\\framework\\src\\Illuminate\\Container\\Util.php(40): Illuminate\\Container\\BoundMethod::Illuminate\\Container\\{closure}()
#8 C:\\Users\\user\\Desktop\\SD Project Backup\\LawConnect\\server\\vendor\\laravel\\framework\\src\\Illuminate\\Container\\BoundMethod.php(93): Illuminate\\Container\\Util::unwrapIfClosure(Object(Closure))
#9 C:\\Users\\user\\Desktop\\SD Project Backup\\LawConnect\\server\\vendor\\laravel\\framework\\src\\Illuminate\\Container\\BoundMethod.php(35): Illuminate\\Container\\BoundMethod::callBoundMethod(Object(Illuminate\\Foundation\\Application), Array, Object(Closure))
#10 C:\\Users\\user\\Desktop\\SD Project Backup\\LawConnect\\server\\vendor\\laravel\\framework\\src\\Illuminate\\Container\\Container.php(653): Illuminate\\Container\\BoundMethod::call(Object(Illuminate\\Foundation\\Application), Array, Array, NULL)
#11 C:\\Users\\user\\Desktop\\SD Project Backup\\LawConnect\\server\\vendor\\laravel\\framework\\src\\Illuminate\\Console\\Command.php(136): Illuminate\\Container\\Container->call(Array)
#12 C:\\Users\\user\\Desktop\\SD Project Backup\\LawConnect\\server\\vendor\\symfony\\console\\Command\\Command.php(298): Illuminate\\Console\\Command->execute(Object(Symfony\\Component\\Console\\Input\\ArrayInput), Object(Illuminate\\Console\\OutputStyle))
#13 C:\\Users\\user\\Desktop\\SD Project Backup\\LawConnect\\server\\vendor\\laravel\\framework\\src\\Illuminate\\Console\\Command.php(120): Symfony\\Component\\Console\\Command\\Command->run(Object(Symfony\\Component\\Console\\Input\\ArrayInput), Object(Illuminate\\Console\\OutputStyle))
#14 C:\\Users\\user\\Desktop\\SD Project Backup\\LawConnect\\server\\vendor\\laravel\\framework\\src\\Illuminate\\Console\\Concerns\\CallsCommands.php(67): Illuminate\\Console\\Command->run(Object(Symfony\\Component\\Console\\Input\\ArrayInput), Object(Illuminate\\Console\\OutputStyle))
#15 C:\\Users\\user\\Desktop\\SD Project Backup\\LawConnect\\server\\vendor\\laravel\\framework\\src\\Illuminate\\Console\\Concerns\\CallsCommands.php(28): Illuminate\\Console\\Command->runCommand('db:wipe', Array, Object(Illuminate\\Console\\OutputStyle))
#16 C:\\Users\\user\\Desktop\\SD Project Backup\\LawConnect\\server\\vendor\\laravel\\framework\\src\\Illuminate\\Database\\Console\\Migrations\\FreshCommand.php(42): Illuminate\\Console\\Command->call('db:wipe', Array)
#17 C:\\Users\\user\\Desktop\\SD Project Backup\\LawConnect\\server\\vendor\\laravel\\framework\\src\\Illuminate\\Container\\BoundMethod.php(36): Illuminate\\Database\\Console\\Migrations\\FreshCommand->handle()
#18 C:\\Users\\user\\Desktop\\SD Project Backup\\LawConnect\\server\\vendor\\laravel\\framework\\src\\Illuminate\\Container\\Util.php(40): Illuminate\\Container\\BoundMethod::Illuminate\\Container\\{closure}()
#19 C:\\Users\\user\\Desktop\\SD Project Backup\\LawConnect\\server\\vendor\\laravel\\framework\\src\\Illuminate\\Container\\BoundMethod.php(93): Illuminate\\Container\\Util::unwrapIfClosure(Object(Closure))
#20 C:\\Users\\user\\Desktop\\SD Project Backup\\LawConnect\\server\\vendor\\laravel\\framework\\src\\Illuminate\\Container\\BoundMethod.php(35): Illuminate\\Container\\BoundMethod::callBoundMethod(Object(Illuminate\\Foundation\\Application), Array, Object(Closure))
#21 C:\\Users\\user\\Desktop\\SD Project Backup\\LawConnect\\server\\vendor\\laravel\\framework\\src\\Illuminate\\Container\\Container.php(653): Illuminate\\Container\\BoundMethod::call(Object(Illuminate\\Foundation\\Application), Array, Array, NULL)
#22 C:\\Users\\user\\Desktop\\SD Project Backup\\LawConnect\\server\\vendor\\laravel\\framework\\src\\Illuminate\\Console\\Command.php(136): Illuminate\\Container\\Container->call(Array)
#23 C:\\Users\\user\\Desktop\\SD Project Backup\\LawConnect\\server\\vendor\\symfony\\console\\Command\\Command.php(298): Illuminate\\Console\\Command->execute(Object(Symfony\\Component\\Console\\Input\\ArgvInput), Object(Illuminate\\Console\\OutputStyle))
#24 C:\\Users\\user\\Desktop\\SD Project Backup\\LawConnect\\server\\vendor\\laravel\\framework\\src\\Illuminate\\Console\\Command.php(120): Symfony\\Component\\Console\\Command\\Command->run(Object(Symfony\\Component\\Console\\Input\\ArgvInput), Object(Illuminate\\Console\\OutputStyle))
#25 C:\\Users\\user\\Desktop\\SD Project Backup\\LawConnect\\server\\vendor\\symfony\\console\\Application.php(1040): Illuminate\\Console\\Command->run(Object(Symfony\\Component\\Console\\Input\\ArgvInput), Object(Symfony\\Component\\Console\\Output\\ConsoleOutput))
#26 C:\\Users\\user\\Desktop\\SD Project Backup\\LawConnect\\server\\vendor\\symfony\\console\\Application.php(301): Symfony\\Component\\Console\\Application->doRunCommand(Object(Illuminate\\Database\\Console\\Migrations\\FreshCommand), Object(Symfony\\Component\\Console\\Input\\ArgvInput), Object(Symfony\\Component\\Console\\Output\\ConsoleOutput))
#27 C:\\Users\\user\\Desktop\\SD Project Backup\\LawConnect\\server\\vendor\\symfony\\console\\Application.php(171): Symfony\\Component\\Console\\Application->doRun(Object(Symfony\\Component\\Console\\Input\\ArgvInput), Object(Symfony\\Component\\Console\\Output\\ConsoleOutput))
#28 C:\\Users\\user\\Desktop\\SD Project Backup\\LawConnect\\server\\vendor\\laravel\\framework\\src\\Illuminate\\Console\\Application.php(94): Symfony\\Component\\Console\\Application->run(Object(Symfony\\Component\\Console\\Input\\ArgvInput), Object(Symfony\\Component\\Console\\Output\\ConsoleOutput))
#29 C:\\Users\\user\\Desktop\\SD Project Backup\\LawConnect\\server\\vendor\\laravel\\framework\\src\\Illuminate\\Foundation\\Console\\Kernel.php(129): Illuminate\\Console\\Application->run(Object(Symfony\\Component\\Console\\Input\\ArgvInput), Object(Symfony\\Component\\Console\\Output\\ConsoleOutput))
#30 C:\\Users\\user\\Desktop\\SD Project Backup\\LawConnect\\server\\artisan(35): Illuminate\\Foundation\\Console\\Kernel->handle(Object(Symfony\\Component\\Console\\Input\\ArgvInput), Object(Symfony\\Component\\Console\\Output\\ConsoleOutput))
#31 {main}

[previous exception] [object] (PDOException(code: 1045): SQLSTATE[HY000] [1045] Access denied for user 'root'@'localhost' (using password: NO) at C:\\Users\\user\\Desktop\\SD Project Backup\\LawConnect\\server\\vendor\\laravel\\framework\\src\\Illuminate\\Database\\Connectors\\Connector.php:70)
[stacktrace]
#0 C:\\Users\\user\\Desktop\\SD Project Backup\\LawConnect\\server\\vendor\\laravel\\framework\\src\\Illuminate\\Database\\Connectors\\Connector.php(70): PDO->__construct('mysql:host=127....', 'root', Object(SensitiveParameterValue), Array)
#1 C:\\Users\\user\\Desktop\\SD Project Backup\\LawConnect\\server\\vendor\\laravel\\framework\\src\\Illuminate\\Database\\Connectors\\Connector.php(45): Illuminate\\Database\\Connectors\\Connector->createPdoConnection('mysql:host=127....', 'root', '', Array)
#2 C:\\Users\\user\\Desktop\\SD Project Backup\\LawConnect\\server\\vendor\\laravel\\framework\\src\\Illuminate\\Database\\Connectors\\MySqlConnector.php(24): Illuminate\\Database\\Connectors\\Connector->createConnection('mysql:host=127....', Array, Array)
#3 C:\\Users\\user\\Desktop\\SD Project Backup\\LawConnect\\server\\vendor\\laravel\\framework\\src\\Illuminate\\Database\\Connectors\\ConnectionFactory.php(184): Illuminate\\Database\\Connectors\\MySqlConnector->connect(Array)
#4 [internal function]: Illuminate\\Database\\Connectors\\ConnectionFactory->Illuminate\\Database\\Connectors\\{closure}()
#5 C:\\Users\\user\\Desktop\\SD Project Backup\\LawConnect\\server\\vendor\\laravel\\framework\\src\\Illuminate\\Database\\Connection.php(1064): call_user_func(Object(Closure))
#6 C:\\Users\\user\\Desktop\\SD Project Backup\\LawConnect\\server\\vendor\\laravel\\framework\\src\\Illuminate\\Database\\Connection.php(1100): Illuminate\\Database\\Connection->getPdo()
#7 C:\\Users\\user\\Desktop\\SD Project Backup\\LawConnect\\server\\vendor\\laravel\\framework\\src\\Illuminate\\Database\\Connection.php(442): Illuminate\\Database\\Connection->getReadPdo()
#8 C:\\Users\\user\\Desktop\\SD Project Backup\\LawConnect\\server\\vendor\\laravel\\framework\\src\\Illuminate\\Database\\Connection.php(368): Illuminate\\Database\\Connection->getPdoForSelect(true)
#9 C:\\Users\\user\\Desktop\\SD Project Backup\\LawConnect\\server\\vendor\\laravel\\framework\\src\\Illuminate\\Database\\Connection.php(705): Illuminate\\Database\\Connection->Illuminate\\Database\\{closure}('SHOW FULL TABLE...', Array)
#10 C:\\Users\\user\\Desktop\\SD Project Backup\\LawConnect\\server\\vendor\\laravel\\framework\\src\\Illuminate\\Database\\Connection.php(672): Illuminate\\Database\\Connection->runQueryCallback('SHOW FULL TABLE...', Array, Object(Closure))
#11 C:\\Users\\user\\Desktop\\SD Project Backup\\LawConnect\\server\\vendor\\laravel\\framework\\src\\Illuminate\\Database\\Connection.php(359): Illuminate\\Database\\Connection->run('SHOW FULL TABLE...', Array, Object(Closure))
#12 C:\\Users\\user\\Desktop\\SD Project Backup\\LawConnect\\server\\vendor\\laravel\\framework\\src\\Illuminate\\Database\\Schema\\MySqlBuilder.php(124): Illuminate\\Database\\Connection->select('SHOW FULL TABLE...')
#13 C:\\Users\\user\\Desktop\\SD Project Backup\\LawConnect\\server\\vendor\\laravel\\framework\\src\\Illuminate\\Database\\Schema\\MySqlBuilder.php(74): Illuminate\\Database\\Schema\\MySqlBuilder->getAllTables()
#14 C:\\Users\\user\\Desktop\\SD Project Backup\\LawConnect\\server\\vendor\\laravel\\framework\\src\\Illuminate\\Database\\Console\\WipeCommand.php(69): Illuminate\\Database\\Schema\\MySqlBuilder->dropAllTables()
#15 C:\\Users\\user\\Desktop\\SD Project Backup\\LawConnect\\server\\vendor\\laravel\\framework\\src\\Illuminate\\Database\\Console\\WipeCommand.php(46): Illuminate\\Database\\Console\\WipeCommand->dropAllTables(NULL)
#16 C:\\Users\\user\\Desktop\\SD Project Backup\\LawConnect\\server\\vendor\\laravel\\framework\\src\\Illuminate\\Container\\BoundMethod.php(36): Illuminate\\Database\\Console\\WipeCommand->handle()
#17 C:\\Users\\user\\Desktop\\SD Project Backup\\LawConnect\\server\\vendor\\laravel\\framework\\src\\Illuminate\\Container\\Util.php(40): Illuminate\\Container\\BoundMethod::Illuminate\\Container\\{closure}()
#18 C:\\Users\\user\\Desktop\\SD Project Backup\\LawConnect\\server\\vendor\\laravel\\framework\\src\\Illuminate\\Container\\BoundMethod.php(93): Illuminate\\Container\\Util::unwrapIfClosure(Object(Closure))
#19 C:\\Users\\user\\Desktop\\SD Project Backup\\LawConnect\\server\\vendor\\laravel\\framework\\src\\Illuminate\\Container\\BoundMethod.php(35): Illuminate\\Container\\BoundMethod::callBoundMethod(Object(Illuminate\\Foundation\\Application), Array, Object(Closure))
#20 C:\\Users\\user\\Desktop\\SD Project Backup\\LawConnect\\server\\vendor\\laravel\\framework\\src\\Illuminate\\Container\\Container.php(653): Illuminate\\Container\\BoundMethod::call(Object(Illuminate\\Foundation\\Application), Array, Array, NULL)
#21 C:\\Users\\user\\Desktop\\SD Project Backup\\LawConnect\\server\\vendor\\laravel\\framework\\src\\Illuminate\\Console\\Command.php(136): Illuminate\\Container\\Container->call(Array)
#22 C:\\Users\\user\\Desktop\\SD Project Backup\\LawConnect\\server\\vendor\\symfony\\console\\Command\\Command.php(298): Illuminate\\Console\\Command->execute(Object(Symfony\\Component\\Console\\Input\\ArrayInput), Object(Illuminate\\Console\\OutputStyle))
#23 C:\\Users\\user\\Desktop\\SD Project Backup\\LawConnect\\server\\vendor\\laravel\\framework\\src\\Illuminate\\Console\\Command.php(120): Symfony\\Component\\Console\\Command\\Command->run(Object(Symfony\\Component\\Console\\Input\\ArrayInput), Object(Illuminate\\Console\\OutputStyle))
#24 C:\\Users\\user\\Desktop\\SD Project Backup\\LawConnect\\server\\vendor\\laravel\\framework\\src\\Illuminate\\Console\\Concerns\\CallsCommands.php(67): Illuminate\\Console\\Command->run(Object(Symfony\\Component\\Console\\Input\\ArrayInput), Object(Illuminate\\Console\\OutputStyle))
#25 C:\\Users\\user\\Desktop\\SD Project Backup\\LawConnect\\server\\vendor\\laravel\\framework\\src\\Illuminate\\Console\\Concerns\\CallsCommands.php(28): Illuminate\\Console\\Command->runCommand('db:wipe', Array, Object(Illuminate\\Console\\OutputStyle))
#26 C:\\Users\\user\\Desktop\\SD Project Backup\\LawConnect\\server\\vendor\\laravel\\framework\\src\\Illuminate\\Database\\Console\\Migrations\\FreshCommand.php(42): Illuminate\\Console\\Command->call('db:wipe', Array)
#27 C:\\Users\\user\\Desktop\\SD Project Backup\\LawConnect\\server\\vendor\\laravel\\framework\\src\\Illuminate\\Container\\BoundMethod.php(36): Illuminate\\Database\\Console\\Migrations\\FreshCommand->handle()
#28 C:\\Users\\user\\Desktop\\SD Project Backup\\LawConnect\\server\\vendor\\laravel\\framework\\src\\Illuminate\\Container\\Util.php(40): Illuminate\\Container\\BoundMethod::Illuminate\\Container\\{closure}()
#29 C:\\Users\\user\\Desktop\\SD Project Backup\\LawConnect\\server\\vendor\\laravel\\framework\\src\\Illuminate\\Container\\BoundMethod.php(93): Illuminate\\Container\\Util::unwrapIfClosure(Object(Closure))
#30 C:\\Users\\user\\Desktop\\SD Project Backup\\LawConnect\\server\\vendor\\laravel\\framework\\src\\Illuminate\\Container\\BoundMethod.php(35): Illuminate\\Container\\BoundMethod::callBoundMethod(Object(Illuminate\\Foundation\\Application), Array, Object(Closure))
#31 C:\\Users\\user\\Desktop\\SD Project Backup\\LawConnect\\server\\vendor\\laravel\\framework\\src\\Illuminate\\Container\\Container.php(653): Illuminate\\Container\\BoundMethod::call(Object(Illuminate\\Foundation\\Application), Array, Array, NULL)
#32 C:\\Users\\user\\Desktop\\SD Project Backup\\LawConnect\\server\\vendor\\laravel\\framework\\src\\Illuminate\\Console\\Command.php(136): Illuminate\\Container\\Container->call(Array)
#33 C:\\Users\\user\\Desktop\\SD Project Backup\\LawConnect\\server\\vendor\\symfony\\console\\Command\\Command.php(298): Illuminate\\Console\\Command->execute(Object(Symfony\\Component\\Console\\Input\\ArgvInput), Object(Illuminate\\Console\\OutputStyle))
#34 C:\\Users\\user\\Desktop\\SD Project Backup\\LawConnect\\server\\vendor\\laravel\\framework\\src\\Illuminate\\Console\\Command.php(120): Symfony\\Component\\Console\\Command\\Command->run(Object(Symfony\\Component\\Console\\Input\\ArgvInput), Object(Illuminate\\Console\\OutputStyle))
#35 C:\\Users\\user\\Desktop\\SD Project Backup\\LawConnect\\server\\vendor\\symfony\\console\\Application.php(1040): Illuminate\\Console\\Command->run(Object(Symfony\\Component\\Console\\Input\\ArgvInput), Object(Symfony\\Component\\Console\\Output\\ConsoleOutput))
#36 C:\\Users\\user\\Desktop\\SD Project Backup\\LawConnect\\server\\vendor\\symfony\\console\\Application.php(301): Symfony\\Component\\Console\\Application->doRunCommand(Object(Illuminate\\Database\\Console\\Migrations\\FreshCommand), Object(Symfony\\Component\\Console\\Input\\ArgvInput), Object(Symfony\\Component\\Console\\Output\\ConsoleOutput))
#37 C:\\Users\\user\\Desktop\\SD Project Backup\\LawConnect\\server\\vendor\\symfony\\console\\Application.php(171): Symfony\\Component\\Console\\Application->doRun(Object(Symfony\\Component\\Console\\Input\\ArgvInput), Object(Symfony\\Component\\Console\\Output\\ConsoleOutput))
#38 C:\\Users\\user\\Desktop\\SD Project Backup\\LawConnect\\server\\vendor\\laravel\\framework\\src\\Illuminate\\Console\\Application.php(94): Symfony\\Component\\Console\\Application->run(Object(Symfony\\Component\\Console\\Input\\ArgvInput), Object(Symfony\\Component\\Console\\Output\\ConsoleOutput))
#39 C:\\Users\\user\\Desktop\\SD Project Backup\\LawConnect\\server\\vendor\\laravel\\framework\\src\\Illuminate\\Foundation\\Console\\Kernel.php(129): Illuminate\\Console\\Application->run(Object(Symfony\\Component\\Console\\Input\\ArgvInput), Object(Symfony\\Component\\Console\\Output\\ConsoleOutput))
#40 C:\\Users\\user\\Desktop\\SD Project Backup\\LawConnect\\server\\artisan(35): Illuminate\\Foundation\\Console\\Kernel->handle(Object(Symfony\\Component\\Console\\Input\\ArgvInput), Object(Symfony\\Component\\Console\\Output\\ConsoleOutput))
#41 {main}
"} 
[2026-02-22 13:41:05] local.ERROR: SQLSTATE[HY000] [1045] Access denied for user 'root'@'localhost' (using password: YES) (SQL: SHOW FULL TABLES WHERE table_type = 'BASE TABLE') {"exception":"[object] (Illuminate\\Database\\QueryException(code: 1045): SQLSTATE[HY000] [1045] Access denied for user 'root'@'localhost' (using password: YES) (SQL: SHOW FULL TABLES WHERE table_type = 'BASE TABLE') at C:\\Users\\user\\Desktop\\SD Project Backup\\LawConnect\\server\\vendor\\laravel\\framework\\src\\Illuminate\\Database\\Connection.php:712)
[stacktrace]
#0 C:\\Users\\user\\Desktop\\SD Project Backup\\LawConnect\\server\\vendor\\laravel\\framework\\src\\Illuminate\\Database\\Connection.php(672): Illuminate\\Database\\Connection->runQueryCallback('SHOW FULL TABLE...', Array, Object(Closure))
#1 C:\\Users\\user\\Desktop\\SD Project Backup\\LawConnect\\server\\vendor\\laravel\\framework\\src\\Illuminate\\Database\\Connection.php(359): Illuminate\\Database\\Connection->run('SHOW FULL TABLE...', Array, Object(Closure))
#2 C:\\Users\\user\\Desktop\\SD Project Backup\\LawConnect\\server\\vendor\\laravel\\framework\\src\\Illuminate\\Database\\Schema\\MySqlBuilder.php(124): Illuminate\\Database\\Connection->select('SHOW FULL TABLE...')
#3 C:\\Users\\user\\Desktop\\SD Project Backup\\LawConnect\\server\\vendor\\laravel\\framework\\src\\Illuminate\\Database\\Schema\\MySqlBuilder.php(74): Illuminate\\Database\\Schema\\MySqlBuilder->getAllTables()
#4 C:\\Users\\user\\Desktop\\SD Project Backup\\LawConnect\\server\\vendor\\laravel\\framework\\src\\Illuminate\\Database\\Console\\WipeCommand.php(69): Illuminate\\Database\\Schema\\MySqlBuilder->dropAllTables()
#5 C:\\Users\\user\\Desktop\\SD Project Backup\\LawConnect\\server\\vendor\\laravel\\framework\\src\\Illuminate\\Database\\Console\\WipeCommand.php(46): Illuminate\\Database\\Console\\WipeCommand->dropAllTables(NULL)
#6 C:\\Users\\user\\Desktop\\SD Project Backup\\LawConnect\\server\\vendor\\laravel\\framework\\src\\Illuminate\\Container\\BoundMethod.php(36): Illuminate\\Database\\Console\\WipeCommand->handle()
#7 C:\\Users\\user\\Desktop\\SD Project Backup\\LawConnect\\server\\vendor\\laravel\\framework\\src\\Illuminate\\Container\\Util.php(40): Illuminate\\Container\\BoundMethod::Illuminate\\Container\\{closure}()
#8 C:\\Users\\user\\Desktop\\SD Project Backup\\LawConnect\\server\\vendor\\laravel\\framework\\src\\Illuminate\\Container\\BoundMethod.php(93): Illuminate\\Container\\Util::unwrapIfClosure(Object(Closure))
#9 C:\\Users\\user\\Desktop\\SD Project Backup\\LawConnect\\server\\vendor\\laravel\\framework\\src\\Illuminate\\Container\\BoundMethod.php(35): Illuminate\\Container\\BoundMethod::callBoundMethod(Object(Illuminate\\Foundation\\Application), Array, Object(Closure))
#10 C:\\Users\\user\\Desktop\\SD Project Backup\\LawConnect\\server\\vendor\\laravel\\framework\\src\\Illuminate\\Container\\Container.php(653): Illuminate\\Container\\BoundMethod::call(Object(Illuminate\\Foundation\\Application), Array, Array, NULL)
#11 C:\\Users\\user\\Desktop\\SD Project Backup\\LawConnect\\server\\vendor\\laravel\\framework\\src\\Illuminate\\Console\\Command.php(136): Illuminate\\Container\\Container->call(Array)
#12 C:\\Users\\user\\Desktop\\SD Project Backup\\LawConnect\\server\\vendor\\symfony\\console\\Command\\Command.php(298): Illuminate\\Console\\Command->execute(Object(Symfony\\Component\\Console\\Input\\ArrayInput), Object(Illuminate\\Console\\OutputStyle))
#13 C:\\Users\\user\\Desktop\\SD Project Backup\\LawConnect\\server\\vendor\\laravel\\framework\\src\\Illuminate\\Console\\Command.php(120): Symfony\\Component\\Console\\Command\\Command->run(Object(Symfony\\Component\\Console\\Input\\ArrayInput), Object(Illuminate\\Console\\OutputStyle))
#14 C:\\Users\\user\\Desktop\\SD Project Backup\\LawConnect\\server\\vendor\\laravel\\framework\\src\\Illuminate\\Console\\Concerns\\CallsCommands.php(67): Illuminate\\Console\\Command->run(Object(Symfony\\Component\\Console\\Input\\ArrayInput), Object(Illuminate\\Console\\OutputStyle))
#15 C:\\Users\\user\\Desktop\\SD Project Backup\\LawConnect\\server\\vendor\\laravel\\framework\\src\\Illuminate\\Console\\Concerns\\CallsCommands.php(28): Illuminate\\Console\\Command->runCommand('db:wipe', Array, Object(Illuminate\\Console\\OutputStyle))
#16 C:\\Users\\user\\Desktop\\SD Project Backup\\LawConnect\\server\\vendor\\laravel\\framework\\src\\Illuminate\\Database\\Console\\Migrations\\FreshCommand.php(42): Illuminate\\Console\\Command->call('db:wipe', Array)
#17 C:\\Users\\user\\Desktop\\SD Project Backup\\LawConnect\\server\\vendor\\laravel\\framework\\src\\Illuminate\\Container\\BoundMethod.php(36): Illuminate\\Database\\Console\\Migrations\\FreshCommand->handle()
#18 C:\\Users\\user\\Desktop\\SD Project Backup\\LawConnect\\server\\vendor\\laravel\\framework\\src\\Illuminate\\Container\\Util.php(40): Illuminate\\Container\\BoundMethod::Illuminate\\Container\\{closure}()
#19 C:\\Users\\user\\Desktop\\SD Project Backup\\LawConnect\\server\\vendor\\laravel\\framework\\src\\Illuminate\\Container\\BoundMethod.php(93): Illuminate\\Container\\Util::unwrapIfClosure(Object(Closure))
#20 C:\\Users\\user\\Desktop\\SD Project Backup\\LawConnect\\server\\vendor\\laravel\\framework\\src\\Illuminate\\Container\\BoundMethod.php(35): Illuminate\\Container\\BoundMethod::callBoundMethod(Object(Illuminate\\Foundation\\Application), Array, Object(Closure))
#21 C:\\Users\\user\\Desktop\\SD Project Backup\\LawConnect\\server\\vendor\\laravel\\framework\\src\\Illuminate\\Container\\Container.php(653): Illuminate\\Container\\BoundMethod::call(Object(Illuminate\\Foundation\\Application), Array, Array, NULL)
#22 C:\\Users\\user\\Desktop\\SD Project Backup\\LawConnect\\server\\vendor\\laravel\\framework\\src\\Illuminate\\Console\\Command.php(136): Illuminate\\Container\\Container->call(Array)
#23 C:\\Users\\user\\Desktop\\SD Project Backup\\LawConnect\\server\\vendor\\symfony\\console\\Command\\Command.php(298): Illuminate\\Console\\Command->execute(Object(Symfony\\Component\\Console\\Input\\ArgvInput), Object(Illuminate\\Console\\OutputStyle))
#24 C:\\Users\\user\\Desktop\\SD Project Backup\\LawConnect\\server\\vendor\\laravel\\framework\\src\\Illuminate\\Console\\Command.php(120): Symfony\\Component\\Console\\Command\\Command->run(Object(Symfony\\Component\\Console\\Input\\ArgvInput), Object(Illuminate\\Console\\OutputStyle))
#25 C:\\Users\\user\\Desktop\\SD Project Backup\\LawConnect\\server\\vendor\\symfony\\console\\Application.php(1040): Illuminate\\Console\\Command->run(Object(Symfony\\Component\\Console\\Input\\ArgvInput), Object(Symfony\\Component\\Console\\Output\\ConsoleOutput))
#26 C:\\Users\\user\\Desktop\\SD Project Backup\\LawConnect\\server\\vendor\\symfony\\console\\Application.php(301): Symfony\\Component\\Console\\Application->doRunCommand(Object(Illuminate\\Database\\Console\\Migrations\\FreshCommand), Object(Symfony\\Component\\Console\\Input\\ArgvInput), Object(Symfony\\Component\\Console\\Output\\ConsoleOutput))
#27 C:\\Users\\user\\Desktop\\SD Project Backup\\LawConnect\\server\\vendor\\symfony\\console\\Application.php(171): Symfony\\Component\\Console\\Application->doRun(Object(Symfony\\Component\\Console\\Input\\ArgvInput), Object(Symfony\\Component\\Console\\Output\\ConsoleOutput))
#28 C:\\Users\\user\\Desktop\\SD Project Backup\\LawConnect\\server\\vendor\\laravel\\framework\\src\\Illuminate\\Console\\Application.php(94): Symfony\\Component\\Console\\Application->run(Object(Symfony\\Component\\Console\\Input\\ArgvInput), Object(Symfony\\Component\\Console\\Output\\ConsoleOutput))
#29 C:\\Users\\user\\Desktop\\SD Project Backup\\LawConnect\\server\\vendor\\laravel\\framework\\src\\Illuminate\\Foundation\\Console\\Kernel.php(129): Illuminate\\Console\\Application->run(Object(Symfony\\Component\\Console\\Input\\ArgvInput), Object(Symfony\\Component\\Console\\Output\\ConsoleOutput))
#30 C:\\Users\\user\\Desktop\\SD Project Backup\\LawConnect\\server\\artisan(35): Illuminate\\Foundation\\Console\\Kernel->handle(Object(Symfony\\Component\\Console\\Input\\ArgvInput), Object(Symfony\\Component\\Console\\Output\\ConsoleOutput))
#31 {main}

[previous exception] [object] (PDOException(code: 1045): SQLSTATE[HY000] [1045] Access denied for user 'root'@'localhost' (using password: YES) at C:\\Users\\user\\Desktop\\SD Project Backup\\LawConnect\\server\\vendor\\laravel\\framework\\src\\Illuminate\\Database\\Connectors\\Connector.php:70)
[stacktrace]
#0 C:\\Users\\user\\Desktop\\SD Project Backup\\LawConnect\\server\\vendor\\laravel\\framework\\src\\Illuminate\\Database\\Connectors\\Connector.php(70): PDO->__construct('mysql:host=127....', 'root', Object(SensitiveParameterValue), Array)
#1 C:\\Users\\user\\Desktop\\SD Project Backup\\LawConnect\\server\\vendor\\laravel\\framework\\src\\Illuminate\\Database\\Connectors\\Connector.php(45): Illuminate\\Database\\Connectors\\Connector->createPdoConnection('mysql:host=127....', 'root', 'root', Array)
#2 C:\\Users\\user\\Desktop\\SD Project Backup\\LawConnect\\server\\vendor\\laravel\\framework\\src\\Illuminate\\Database\\Connectors\\MySqlConnector.php(24): Illuminate\\Database\\Connectors\\Connector->createConnection('mysql:host=127....', Array, Array)
#3 C:\\Users\\user\\Desktop\\SD Project Backup\\LawConnect\\server\\vendor\\laravel\\framework\\src\\Illuminate\\Database\\Connectors\\ConnectionFactory.php(184): Illuminate\\Database\\Connectors\\MySqlConnector->connect(Array)
#4 [internal function]: Illuminate\\Database\\Connectors\\ConnectionFactory->Illuminate\\Database\\Connectors\\{closure}()
#5 C:\\Users\\user\\Desktop\\SD Project Backup\\LawConnect\\server\\vendor\\laravel\\framework\\src\\Illuminate\\Database\\Connection.php(1064): call_user_func(Object(Closure))
#6 C:\\Users\\user\\Desktop\\SD Project Backup\\LawConnect\\server\\vendor\\laravel\\framework\\src\\Illuminate\\Database\\Connection.php(1100): Illuminate\\Database\\Connection->getPdo()
#7 C:\\Users\\user\\Desktop\\SD Project Backup\\LawConnect\\server\\vendor\\laravel\\framework\\src\\Illuminate\\Database\\Connection.php(442): Illuminate\\Database\\Connection->getReadPdo()
#8 C:\\Users\\user\\Desktop\\SD Project Backup\\LawConnect\\server\\vendor\\laravel\\framework\\src\\Illuminate\\Database\\Connection.php(368): Illuminate\\Database\\Connection->getPdoForSelect(true)
#9 C:\\Users\\user\\Desktop\\SD Project Backup\\LawConnect\\server\\vendor\\laravel\\framework\\src\\Illuminate\\Database\\Connection.php(705): Illuminate\\Database\\Connection->Illuminate\\Database\\{closure}('SHOW FULL TABLE...', Array)
#10 C:\\Users\\user\\Desktop\\SD Project Backup\\LawConnect\\server\\vendor\\laravel\\framework\\src\\Illuminate\\Database\\Connection.php(672): Illuminate\\Database\\Connection->runQueryCallback('SHOW FULL TABLE...', Array, Object(Closure))
#11 C:\\Users\\user\\Desktop\\SD Project Backup\\LawConnect\\server\\vendor\\laravel\\framework\\src\\Illuminate\\Database\\Connection.php(359): Illuminate\\Database\\Connection->run('SHOW FULL TABLE...', Array, Object(Closure))
#12 C:\\Users\\user\\Desktop\\SD Project Backup\\LawConnect\\server\\vendor\\laravel\\framework\\src\\Illuminate\\Database\\Schema\\MySqlBuilder.php(124): Illuminate\\Database\\Connection->select('SHOW FULL TABLE...')
#13 C:\\Users\\user\\Desktop\\SD Project Backup\\LawConnect\\server\\vendor\\laravel\\framework\\src\\Illuminate\\Database\\Schema\\MySqlBuilder.php(74): Illuminate\\Database\\Schema\\MySqlBuilder->getAllTables()
#14 C:\\Users\\user\\Desktop\\SD Project Backup\\LawConnect\\server\\vendor\\laravel\\framework\\src\\Illuminate\\Database\\Console\\WipeCommand.php(69): Illuminate\\Database\\Schema\\MySqlBuilder->dropAllTables()
#15 C:\\Users\\user\\Desktop\\SD Project Backup\\LawConnect\\server\\vendor\\laravel\\framework\\src\\Illuminate\\Database\\Console\\WipeCommand.php(46): Illuminate\\Database\\Console\\WipeCommand->dropAllTables(NULL)
#16 C:\\Users\\user\\Desktop\\SD Project Backup\\LawConnect\\server\\vendor\\laravel\\framework\\src\\Illuminate\\Container\\BoundMethod.php(36): Illuminate\\Database\\Console\\WipeCommand->handle()
#17 C:\\Users\\user\\Desktop\\SD Project Backup\\LawConnect\\server\\vendor\\laravel\\framework\\src\\Illuminate\\Container\\Util.php(40): Illuminate\\Container\\BoundMethod::Illuminate\\Container\\{closure}()
#18 C:\\Users\\user\\Desktop\\SD Project Backup\\LawConnect\\server\\vendor\\laravel\\framework\\src\\Illuminate\\Container\\BoundMethod.php(93): Illuminate\\Container\\Util::unwrapIfClosure(Object(Closure))
#19 C:\\Users\\user\\Desktop\\SD Project Backup\\LawConnect\\server\\vendor\\laravel\\framework\\src\\Illuminate\\Container\\BoundMethod.php(35): Illuminate\\Container\\BoundMethod::callBoundMethod(Object(Illuminate\\Foundation\\Application), Array, Object(Closure))
#20 C:\\Users\\user\\Desktop\\SD Project Backup\\LawConnect\\server\\vendor\\laravel\\framework\\src\\Illuminate\\Container\\Container.php(653): Illuminate\\Container\\BoundMethod::call(Object(Illuminate\\Foundation\\Application), Array, Array, NULL)
#21 C:\\Users\\user\\Desktop\\SD Project Backup\\LawConnect\\server\\vendor\\laravel\\framework\\src\\Illuminate\\Console\\Command.php(136): Illuminate\\Container\\Container->call(Array)
#22 C:\\Users\\user\\Desktop\\SD Project Backup\\LawConnect\\server\\vendor\\symfony\\console\\Command\\Command.php(298): Illuminate\\Console\\Command->execute(Object(Symfony\\Component\\Console\\Input\\ArrayInput), Object(Illuminate\\Console\\OutputStyle))
#23 C:\\Users\\user\\Desktop\\SD Project Backup\\LawConnect\\server\\vendor\\laravel\\framework\\src\\Illuminate\\Console\\Command.php(120): Symfony\\Component\\Console\\Command\\Command->run(Object(Symfony\\Component\\Console\\Input\\ArrayInput), Object(Illuminate\\Console\\OutputStyle))
#24 C:\\Users\\user\\Desktop\\SD Project Backup\\LawConnect\\server\\vendor\\laravel\\framework\\src\\Illuminate\\Console\\Concerns\\CallsCommands.php(67): Illuminate\\Console\\Command->run(Object(Symfony\\Component\\Console\\Input\\ArrayInput), Object(Illuminate\\Console\\OutputStyle))
#25 C:\\Users\\user\\Desktop\\SD Project Backup\\LawConnect\\server\\vendor\\laravel\\framework\\src\\Illuminate\\Console\\Concerns\\CallsCommands.php(28): Illuminate\\Console\\Command->runCommand('db:wipe', Array, Object(Illuminate\\Console\\OutputStyle))
#26 C:\\Users\\user\\Desktop\\SD Project Backup\\LawConnect\\server\\vendor\\laravel\\framework\\src\\Illuminate\\Database\\Console\\Migrations\\FreshCommand.php(42): Illuminate\\Console\\Command->call('db:wipe', Array)
#27 C:\\Users\\user\\Desktop\\SD Project Backup\\LawConnect\\server\\vendor\\laravel\\framework\\src\\Illuminate\\Container\\BoundMethod.php(36): Illuminate\\Database\\Console\\Migrations\\FreshCommand->handle()
#28 C:\\Users\\user\\Desktop\\SD Project Backup\\LawConnect\\server\\vendor\\laravel\\framework\\src\\Illuminate\\Container\\Util.php(40): Illuminate\\Container\\BoundMethod::Illuminate\\Container\\{closure}()
#29 C:\\Users\\user\\Desktop\\SD Project Backup\\LawConnect\\server\\vendor\\laravel\\framework\\src\\Illuminate\\Container\\BoundMethod.php(93): Illuminate\\Container\\Util::unwrapIfClosure(Object(Closure))
#30 C:\\Users\\user\\Desktop\\SD Project Backup\\LawConnect\\server\\vendor\\laravel\\framework\\src\\Illuminate\\Container\\BoundMethod.php(35): Illuminate\\Container\\BoundMethod::callBoundMethod(Object(Illuminate\\Foundation\\Application), Array, Object(Closure))
#31 C:\\Users\\user\\Desktop\\SD Project Backup\\LawConnect\\server\\vendor\\laravel\\framework\\src\\Illuminate\\Container\\Container.php(653): Illuminate\\Container\\BoundMethod::call(Object(Illuminate\\Foundation\\Application), Array, Array, NULL)
#32 C:\\Users\\user\\Desktop\\SD Project Backup\\LawConnect\\server\\vendor\\laravel\\framework\\src\\Illuminate\\Console\\Command.php(136): Illuminate\\Container\\Container->call(Array)
#33 C:\\Users\\user\\Desktop\\SD Project Backup\\LawConnect\\server\\vendor\\symfony\\console\\Command\\Command.php(298): Illuminate\\Console\\Command->execute(Object(Symfony\\Component\\Console\\Input\\ArgvInput), Object(Illuminate\\Console\\OutputStyle))
#34 C:\\Users\\user\\Desktop\\SD Project Backup\\LawConnect\\server\\vendor\\laravel\\framework\\src\\Illuminate\\Console\\Command.php(120): Symfony\\Component\\Console\\Command\\Command->run(Object(Symfony\\Component\\Console\\Input\\ArgvInput), Object(Illuminate\\Console\\OutputStyle))
#35 C:\\Users\\user\\Desktop\\SD Project Backup\\LawConnect\\server\\vendor\\symfony\\console\\Application.php(1040): Illuminate\\Console\\Command->run(Object(Symfony\\Component\\Console\\Input\\ArgvInput), Object(Symfony\\Component\\Console\\Output\\ConsoleOutput))
#36 C:\\Users\\user\\Desktop\\SD Project Backup\\LawConnect\\server\\vendor\\symfony\\console\\Application.php(301): Symfony\\Component\\Console\\Application->doRunCommand(Object(Illuminate\\Database\\Console\\Migrations\\FreshCommand), Object(Symfony\\Component\\Console\\Input\\ArgvInput), Object(Symfony\\Component\\Console\\Output\\ConsoleOutput))
#37 C:\\Users\\user\\Desktop\\SD Project Backup\\LawConnect\\server\\vendor\\symfony\\console\\Application.php(171): Symfony\\Component\\Console\\Application->doRun(Object(Symfony\\Component\\Console\\Input\\ArgvInput), Object(Symfony\\Component\\Console\\Output\\ConsoleOutput))
#38 C:\\Users\\user\\Desktop\\SD Project Backup\\LawConnect\\server\\vendor\\laravel\\framework\\src\\Illuminate\\Console\\Application.php(94): Symfony\\Component\\Console\\Application->run(Object(Symfony\\Component\\Console\\Input\\ArgvInput), Object(Symfony\\Component\\Console\\Output\\ConsoleOutput))
#39 C:\\Users\\user\\Desktop\\SD Project Backup\\LawConnect\\server\\vendor\\laravel\\framework\\src\\Illuminate\\Foundation\\Console\\Kernel.php(129): Illuminate\\Console\\Application->run(Object(Symfony\\Component\\Console\\Input\\ArgvInput), Object(Symfony\\Component\\Console\\Output\\ConsoleOutput))
#40 C:\\Users\\user\\Desktop\\SD Project Backup\\LawConnect\\server\\artisan(35): Illuminate\\Foundation\\Console\\Kernel->handle(Object(Symfony\\Component\\Console\\Input\\ArgvInput), Object(Symfony\\Component\\Console\\Output\\ConsoleOutput))
#41 {main}
"} 
